wire_id,wire_rho,wire_phi
0,53,0
1,53,0.0317332591
2,53,0.0634665183
3,53,0.0951997774
4,53,0.1269330365
5,53,0.1586662956
6,53,0.1903995548
7,53,0.2221328139
8,53,0.253866073
9,53,0.2855993321
10,53,0.3173325913
11,53,0.3490658504
12,53,0.3807991095
13,53,0.4125323687
14,53,0.4442656278
15,53,0.4759988869
16,53,0.507732146
17,53,0.5394654052
18,53,0.5711986643
19,53,0.6029319234
20,53,0.6346651825
21,53,0.6663984417
22,53,0.6981317008
23,53,0.7298649599
24,53,0.7615982191
25,53,0.7933314782
26,53,0.8250647373
27,53,0.8567979964
28,53,0.8885312556
29,53,0.9202645147
30,53,0.9519977738
31,53,0.9837310329
32,53,1.0154642921
33,53,1.0471975512
34,53,1.0789308103
35,53,1.1106640695
36,53,1.1423973286
37,53,1.1741305877
38,53,1.2058638468
39,53,1.237597106
40,53,1.2693303651
41,53,1.3010636242
42,53,1.3327968833
43,53,1.3645301425
44,53,1.3962634016
45,53,1.4279966607
46,53,1.4597299199
47,53,1.491463179
48,53,1.5231964381
49,53,1.5549296972
50,53,1.5866629564
51,53,1.6183962155
52,53,1.6501294746
53,53,1.6818627337
54,53,1.7135959929
55,53,1.745329252
56,53,1.7770625111
57,53,1.8087957703
58,53,1.8405290294
59,53,1.8722622885
60,53,1.9039955476
61,53,1.9357288068
62,53,1.9674620659
63,53,1.999195325
64,53,2.0309285841
65,53,2.0626618433
66,53,2.0943951024
67,53,2.1261283615
68,53,2.1578616207
69,53,2.1895948798
70,53,2.2213281389
71,53,2.253061398
72,53,2.2847946572
73,53,2.3165279163
74,53,2.3482611754
75,53,2.3799944345
76,53,2.4117276937
77,53,2.4434609528
78,53,2.4751942119
79,53,2.5069274711
80,53,2.5386607302
81,53,2.5703939893
82,53,2.6021272484
83,53,2.6338605076
84,53,2.6655937667
85,53,2.6973270258
86,53,2.7290602849
87,53,2.7607935441
88,53,2.7925268032
89,53,2.8242600623
90,53,2.8559933215
91,53,2.8877265806
92,53,2.9194598397
93,53,2.9511930988
94,53,2.982926358
95,53,3.0146596171
96,53,3.0463928762
97,53,3.0781261353
98,53,3.1098593945
99,53,3.1415926536
100,53,3.1733259127
101,53,3.2050591718
102,53,3.236792431
103,53,3.2685256901
104,53,3.3002589492
105,53,3.3319922084
106,53,3.3637254675
107,53,3.3954587266
108,53,3.4271919857
109,53,3.4589252449
110,53,3.490658504
111,53,3.5223917631
112,53,3.5541250222
113,53,3.5858582814
114,53,3.6175915405
115,53,3.6493247996
116,53,3.6810580588
117,53,3.7127913179
118,53,3.744524577
119,53,3.7762578361
120,53,3.8079910953
121,53,3.8397243544
122,53,3.8714576135
123,53,3.9031908726
124,53,3.9349241318
125,53,3.9666573909
126,53,3.99839065
127,53,4.0301239092
128,53,4.0618571683
129,53,4.0935904274
130,53,4.1253236865
131,53,4.1570569457
132,53,4.1887902048
133,53,4.2205234639
134,53,4.252256723
135,53,4.2839899822
136,53,4.3157232413
137,53,4.3474565004
138,53,4.3791897596
139,53,4.4109230187
140,53,4.4426562778
141,53,4.4743895369
142,53,4.5061227961
143,53,4.5378560552
144,53,4.5695893143
145,53,4.6013225734
146,53,4.6330558326
147,53,4.6647890917
148,53,4.6965223508
149,53,4.72825561
150,53,4.7599888691
151,53,4.7917221282
152,53,4.8234553873
153,53,4.8551886465
154,53,4.8869219056
155,53,4.9186551647
156,53,4.9503884238
157,53,4.982121683
158,53,5.0138549421
159,53,5.0455882012
160,53,5.0773214604
161,53,5.1090547195
162,53,5.1407879786
163,53,5.1725212377
164,53,5.2042544969
165,53,5.235987756
166,53,5.2677210151
167,53,5.2994542742
168,53,5.3311875334
169,53,5.3629207925
170,53,5.3946540516
171,53,5.4263873108
172,53,5.4581205699
173,53,5.489853829
174,53,5.5215870881
175,53,5.5533203473
176,53,5.5850536064
177,53,5.6167868655
178,53,5.6485201246
179,53,5.6802533838
180,53,5.7119866429
181,53,5.743719902
182,53,5.7754531611
183,53,5.8071864203
184,53,5.8389196794
185,53,5.8706529385
186,53,5.9023861977
187,53,5.9341194568
188,53,5.9658527159
189,53,5.997585975
190,53,6.0293192342
191,53,6.0610524933
192,53,6.0927857524
193,53,6.1245190115
194,53,6.1562522707
195,53,6.1879855298
196,53,6.2197187889
197,53,6.2514520481
198,54.6,0.015867
199,54.6,0.046666928
200,54.6,0.077466856
201,54.6,0.1082667839
202,54.6,0.1390667119
203,54.6,0.1698666399
204,54.6,0.2006665679
205,54.6,0.2314664958
206,54.6,0.2622664238
207,54.6,0.2930663518
208,54.6,0.3238662798
209,54.6,0.3546662077
210,54.6,0.3854661357
211,54.6,0.4162660637
212,54.6,0.4470659917
213,54.6,0.4778659196
214,54.6,0.5086658476
215,54.6,0.5394657756
216,54.6,0.5702657036
217,54.6,0.6010656316
218,54.6,0.6318655595
219,54.6,0.6626654875
220,54.6,0.6934654155
221,54.6,0.7242653435
222,54.6,0.7550652714
223,54.6,0.7858651994
224,54.6,0.8166651274
225,54.6,0.8474650554
226,54.6,0.8782649833
227,54.6,0.9090649113
228,54.6,0.9398648393
229,54.6,0.9706647673
230,54.6,1.0014646952
231,54.6,1.0322646232
232,54.6,1.0630645512
233,54.6,1.0938644792
234,54.6,1.1246644072
235,54.6,1.1554643351
236,54.6,1.1862642631
237,54.6,1.2170641911
238,54.6,1.2478641191
239,54.6,1.278664047
240,54.6,1.309463975
241,54.6,1.340263903
242,54.6,1.371063831
243,54.6,1.4018637589
244,54.6,1.4326636869
245,54.6,1.4634636149
246,54.6,1.4942635429
247,54.6,1.5250634708
248,54.6,1.5558633988
249,54.6,1.5866633268
250,54.6,1.6174632548
251,54.6,1.6482631828
252,54.6,1.6790631107
253,54.6,1.7098630387
254,54.6,1.7406629667
255,54.6,1.7714628947
256,54.6,1.8022628226
257,54.6,1.8330627506
258,54.6,1.8638626786
259,54.6,1.8946626066
260,54.6,1.9254625345
261,54.6,1.9562624625
262,54.6,1.9870623905
263,54.6,2.0178623185
264,54.6,2.0486622464
265,54.6,2.0794621744
266,54.6,2.1102621024
267,54.6,2.1410620304
268,54.6,2.1718619584
269,54.6,2.2026618863
270,54.6,2.2334618143
271,54.6,2.2642617423
272,54.6,2.2950616703
273,54.6,2.3258615982
274,54.6,2.3566615262
275,54.6,2.3874614542
276,54.6,2.4182613822
277,54.6,2.4490613101
278,54.6,2.4798612381
279,54.6,2.5106611661
280,54.6,2.5414610941
281,54.6,2.572261022
282,54.6,2.60306095
283,54.6,2.633860878
284,54.6,2.664660806
285,54.6,2.6954607339
286,54.6,2.7262606619
287,54.6,2.7570605899
288,54.6,2.7878605179
289,54.6,2.8186604459
290,54.6,2.8494603738
291,54.6,2.8802603018
292,54.6,2.9110602298
293,54.6,2.9418601578
294,54.6,2.9726600857
295,54.6,3.0034600137
296,54.6,3.0342599417
297,54.6,3.0650598697
298,54.6,3.0958597976
299,54.6,3.1266597256
300,54.6,3.1574596536
301,54.6,3.1882595816
302,54.6,3.2190595095
303,54.6,3.2498594375
304,54.6,3.2806593655
305,54.6,3.3114592935
306,54.6,3.3422592215
307,54.6,3.3730591494
308,54.6,3.4038590774
309,54.6,3.4346590054
310,54.6,3.4654589334
311,54.6,3.4962588613
312,54.6,3.5270587893
313,54.6,3.5578587173
314,54.6,3.5886586453
315,54.6,3.6194585732
316,54.6,3.6502585012
317,54.6,3.6810584292
318,54.6,3.7118583572
319,54.6,3.7426582851
320,54.6,3.7734582131
321,54.6,3.8042581411
322,54.6,3.8350580691
323,54.6,3.8658579971
324,54.6,3.896657925
325,54.6,3.927457853
326,54.6,3.958257781
327,54.6,3.989057709
328,54.6,4.0198576369
329,54.6,4.0506575649
330,54.6,4.0814574929
331,54.6,4.1122574209
332,54.6,4.1430573488
333,54.6,4.1738572768
334,54.6,4.2046572048
335,54.6,4.2354571328
336,54.6,4.2662570607
337,54.6,4.2970569887
338,54.6,4.3278569167
339,54.6,4.3586568447
340,54.6,4.3894567726
341,54.6,4.4202567006
342,54.6,4.4510566286
343,54.6,4.4818565566
344,54.6,4.5126564846
345,54.6,4.5434564125
346,54.6,4.5742563405
347,54.6,4.6050562685
348,54.6,4.6358561965
349,54.6,4.6666561244
350,54.6,4.6974560524
351,54.6,4.7282559804
352,54.6,4.7590559084
353,54.6,4.7898558363
354,54.6,4.8206557643
355,54.6,4.8514556923
356,54.6,4.8822556203
357,54.6,4.9130555482
358,54.6,4.9438554762
359,54.6,4.9746554042
360,54.6,5.0054553322
361,54.6,5.0362552602
362,54.6,5.0670551881
363,54.6,5.0978551161
364,54.6,5.1286550441
365,54.6,5.1594549721
366,54.6,5.1902549
367,54.6,5.221054828
368,54.6,5.251854756
369,54.6,5.282654684
370,54.6,5.3134546119
371,54.6,5.3442545399
372,54.6,5.3750544679
373,54.6,5.4058543959
374,54.6,5.4366543238
375,54.6,5.4674542518
376,54.6,5.4982541798
377,54.6,5.5290541078
378,54.6,5.5598540358
379,54.6,5.5906539637
380,54.6,5.6214538917
381,54.6,5.6522538197
382,54.6,5.6830537477
383,54.6,5.7138536756
384,54.6,5.7446536036
385,54.6,5.7754535316
386,54.6,5.8062534596
387,54.6,5.8370533875
388,54.6,5.8678533155
389,54.6,5.8986532435
390,54.6,5.9294531715
391,54.6,5.9602530994
392,54.6,5.9910530274
393,54.6,6.0218529554
394,54.6,6.0526528834
395,54.6,6.0834528113
396,54.6,6.1142527393
397,54.6,6.1450526673
398,54.6,6.1758525953
399,54.6,6.2066525233
400,54.6,6.2374524512
401,54.6,6.2682523792
402,56.2,0.0154
403,56.2,0.04531993
404,56.2,0.0752398601
405,56.2,0.1051597901
406,56.2,0.1350797201
407,56.2,0.1649996502
408,56.2,0.1949195802
409,56.2,0.2248395102
410,56.2,0.2547594403
411,56.2,0.2846793703
412,56.2,0.3145993003
413,56.2,0.3445192304
414,56.2,0.3744391604
415,56.2,0.4043590904
416,56.2,0.4342790205
417,56.2,0.4641989505
418,56.2,0.4941188805
419,56.2,0.5240388106
420,56.2,0.5539587406
421,56.2,0.5838786707
422,56.2,0.6137986007
423,56.2,0.6437185307
424,56.2,0.6736384608
425,56.2,0.7035583908
426,56.2,0.7334783208
427,56.2,0.7633982509
428,56.2,0.7933181809
429,56.2,0.8232381109
430,56.2,0.853158041
431,56.2,0.883077971
432,56.2,0.912997901
433,56.2,0.9429178311
434,56.2,0.9728377611
435,56.2,1.0027576911
436,56.2,1.0326776212
437,56.2,1.0625975512
438,56.2,1.0925174812
439,56.2,1.1224374113
440,56.2,1.1523573413
441,56.2,1.1822772713
442,56.2,1.2121972014
443,56.2,1.2421171314
444,56.2,1.2720370614
445,56.2,1.3019569915
446,56.2,1.3318769215
447,56.2,1.3617968515
448,56.2,1.3917167816
449,56.2,1.4216367116
450,56.2,1.4515566416
451,56.2,1.4814765717
452,56.2,1.5113965017
453,56.2,1.5413164317
454,56.2,1.5712363618
455,56.2,1.6011562918
456,56.2,1.6310762219
457,56.2,1.6609961519
458,56.2,1.6909160819
459,56.2,1.720836012
460,56.2,1.750755942
461,56.2,1.780675872
462,56.2,1.8105958021
463,56.2,1.8405157321
464,56.2,1.8704356621
465,56.2,1.9003555922
466,56.2,1.9302755222
467,56.2,1.9601954522
468,56.2,1.9901153823
469,56.2,2.0200353123
470,56.2,2.0499552423
471,56.2,2.0798751724
472,56.2,2.1097951024
473,56.2,2.1397150324
474,56.2,2.1696349625
475,56.2,2.1995548925
476,56.2,2.2294748225
477,56.2,2.2593947526
478,56.2,2.2893146826
479,56.2,2.3192346126
480,56.2,2.3491545427
481,56.2,2.3790744727
482,56.2,2.4089944027
483,56.2,2.4389143328
484,56.2,2.4688342628
485,56.2,2.4987541928
486,56.2,2.5286741229
487,56.2,2.5585940529
488,56.2,2.5885139829
489,56.2,2.618433913
490,56.2,2.648353843
491,56.2,2.678273773
492,56.2,2.7081937031
493,56.2,2.7381136331
494,56.2,2.7680335632
495,56.2,2.7979534932
496,56.2,2.8278734232
497,56.2,2.8577933533
498,56.2,2.8877132833
499,56.2,2.9176332133
500,56.2,2.9475531434
501,56.2,2.9774730734
502,56.2,3.0073930034
503,56.2,3.0373129335
504,56.2,3.0672328635
505,56.2,3.0971527935
506,56.2,3.1270727236
507,56.2,3.1569926536
508,56.2,3.1869125836
509,56.2,3.2168325137
510,56.2,3.2467524437
511,56.2,3.2766723737
512,56.2,3.3065923038
513,56.2,3.3365122338
514,56.2,3.3664321638
515,56.2,3.3963520939
516,56.2,3.4262720239
517,56.2,3.4561919539
518,56.2,3.486111884
519,56.2,3.516031814
520,56.2,3.545951744
521,56.2,3.5758716741
522,56.2,3.6057916041
523,56.2,3.6357115341
524,56.2,3.6656314642
525,56.2,3.6955513942
526,56.2,3.7254713242
527,56.2,3.7553912543
528,56.2,3.7853111843
529,56.2,3.8152311143
530,56.2,3.8451510444
531,56.2,3.8750709744
532,56.2,3.9049909044
533,56.2,3.9349108345
534,56.2,3.9648307645
535,56.2,3.9947506946
536,56.2,4.0246706246
537,56.2,4.0545905546
538,56.2,4.0845104847
539,56.2,4.1144304147
540,56.2,4.1443503447
541,56.2,4.1742702748
542,56.2,4.2041902048
543,56.2,4.2341101348
544,56.2,4.2640300649
545,56.2,4.2939499949
546,56.2,4.3238699249
547,56.2,4.353789855
548,56.2,4.383709785
549,56.2,4.413629715
550,56.2,4.4435496451
551,56.2,4.4734695751
552,56.2,4.5033895051
553,56.2,4.5333094352
554,56.2,4.5632293652
555,56.2,4.5931492952
556,56.2,4.6230692253
557,56.2,4.6529891553
558,56.2,4.6829090853
559,56.2,4.7128290154
560,56.2,4.7427489454
561,56.2,4.7726688754
562,56.2,4.8025888055
563,56.2,4.8325087355
564,56.2,4.8624286655
565,56.2,4.8923485956
566,56.2,4.9222685256
567,56.2,4.9521884556
568,56.2,4.9821083857
569,56.2,5.0120283157
570,56.2,5.0419482457
571,56.2,5.0718681758
572,56.2,5.1017881058
573,56.2,5.1317080359
574,56.2,5.1616279659
575,56.2,5.1915478959
576,56.2,5.221467826
577,56.2,5.251387756
578,56.2,5.281307686
579,56.2,5.3112276161
580,56.2,5.3411475461
581,56.2,5.3710674761
582,56.2,5.4009874062
583,56.2,5.4309073362
584,56.2,5.4608272662
585,56.2,5.4907471963
586,56.2,5.5206671263
587,56.2,5.5505870563
588,56.2,5.5805069864
589,56.2,5.6104269164
590,56.2,5.6403468464
591,56.2,5.6702667765
592,56.2,5.7001867065
593,56.2,5.7301066365
594,56.2,5.7600265666
595,56.2,5.7899464966
596,56.2,5.8198664266
597,56.2,5.8497863567
598,56.2,5.8797062867
599,56.2,5.9096262167
600,56.2,5.9395461468
601,56.2,5.9694660768
602,56.2,5.9993860068
603,56.2,6.0293059369
604,56.2,6.0592258669
605,56.2,6.0891457969
606,56.2,6.119065727
607,56.2,6.148985657
608,56.2,6.178905587
609,56.2,6.2088255171
610,56.2,6.2387454471
611,56.2,6.2686653772
612,57.8,0
613,57.8,0.0290888209
614,57.8,0.0581776417
615,57.8,0.0872664626
616,57.8,0.1163552835
617,57.8,0.1454441043
618,57.8,0.1745329252
619,57.8,0.2036217461
620,57.8,0.2327105669
621,57.8,0.2617993878
622,57.8,0.2908882087
623,57.8,0.3199770295
624,57.8,0.3490658504
625,57.8,0.3781546713
626,57.8,0.4072434921
627,57.8,0.436332313
628,57.8,0.4654211339
629,57.8,0.4945099547
630,57.8,0.5235987756
631,57.8,0.5526875965
632,57.8,0.5817764173
633,57.8,0.6108652382
634,57.8,0.6399540591
635,57.8,0.6690428799
636,57.8,0.6981317008
637,57.8,0.7272205217
638,57.8,0.7563093425
639,57.8,0.7853981634
640,57.8,0.8144869843
641,57.8,0.8435758051
642,57.8,0.872664626
643,57.8,0.9017534469
644,57.8,0.9308422677
645,57.8,0.9599310886
646,57.8,0.9890199095
647,57.8,1.0181087303
648,57.8,1.0471975512
649,57.8,1.0762863721
650,57.8,1.1053751929
651,57.8,1.1344640138
652,57.8,1.1635528347
653,57.8,1.1926416555
654,57.8,1.2217304764
655,57.8,1.2508192973
656,57.8,1.2799081181
657,57.8,1.308996939
658,57.8,1.3380857599
659,57.8,1.3671745807
660,57.8,1.3962634016
661,57.8,1.4253522225
662,57.8,1.4544410433
663,57.8,1.4835298642
664,57.8,1.5126186851
665,57.8,1.5417075059
666,57.8,1.5707963268
667,57.8,1.5998851477
668,57.8,1.6289739685
669,57.8,1.6580627894
670,57.8,1.6871516103
671,57.8,1.7162404311
672,57.8,1.745329252
673,57.8,1.7744180729
674,57.8,1.8035068937
675,57.8,1.8325957146
676,57.8,1.8616845355
677,57.8,1.8907733563
678,57.8,1.9198621772
679,57.8,1.9489509981
680,57.8,1.9780398189
681,57.8,2.0071286398
682,57.8,2.0362174607
683,57.8,2.0653062815
684,57.8,2.0943951024
685,57.8,2.1234839233
686,57.8,2.1525727441
687,57.8,2.181661565
688,57.8,2.2107503859
689,57.8,2.2398392067
690,57.8,2.2689280276
691,57.8,2.2980168485
692,57.8,2.3271056693
693,57.8,2.3561944902
694,57.8,2.3852833111
695,57.8,2.4143721319
696,57.8,2.4434609528
697,57.8,2.4725497737
698,57.8,2.5016385945
699,57.8,2.5307274154
700,57.8,2.5598162363
701,57.8,2.5889050571
702,57.8,2.617993878
703,57.8,2.6470826989
704,57.8,2.6761715197
705,57.8,2.7052603406
706,57.8,2.7343491615
707,57.8,2.7634379823
708,57.8,2.7925268032
709,57.8,2.8216156241
710,57.8,2.8507044449
711,57.8,2.8797932658
712,57.8,2.9088820867
713,57.8,2.9379709075
714,57.8,2.9670597284
715,57.8,2.9961485493
716,57.8,3.0252373701
717,57.8,3.054326191
718,57.8,3.0834150119
719,57.8,3.1125038327
720,57.8,3.1415926536
721,57.8,3.1706814745
722,57.8,3.1997702953
723,57.8,3.2288591162
724,57.8,3.2579479371
725,57.8,3.2870367579
726,57.8,3.3161255788
727,57.8,3.3452143997
728,57.8,3.3743032205
729,57.8,3.4033920414
730,57.8,3.4324808623
731,57.8,3.4615696831
732,57.8,3.490658504
733,57.8,3.5197473249
734,57.8,3.5488361457
735,57.8,3.5779249666
736,57.8,3.6070137875
737,57.8,3.6361026083
738,57.8,3.6651914292
739,57.8,3.6942802501
740,57.8,3.7233690709
741,57.8,3.7524578918
742,57.8,3.7815467127
743,57.8,3.8106355335
744,57.8,3.8397243544
745,57.8,3.8688131753
746,57.8,3.8979019961
747,57.8,3.926990817
748,57.8,3.9560796379
749,57.8,3.9851684587
750,57.8,4.0142572796
751,57.8,4.0433461005
752,57.8,4.0724349213
753,57.8,4.1015237422
754,57.8,4.1306125631
755,57.8,4.1597013839
756,57.8,4.1887902048
757,57.8,4.2178790257
758,57.8,4.2469678465
759,57.8,4.2760566674
760,57.8,4.3051454883
761,57.8,4.3342343091
762,57.8,4.36332313
763,57.8,4.3924119509
764,57.8,4.4215007717
765,57.8,4.4505895926
766,57.8,4.4796784135
767,57.8,4.5087672343
768,57.8,4.5378560552
769,57.8,4.5669448761
770,57.8,4.5960336969
771,57.8,4.6251225178
772,57.8,4.6542113387
773,57.8,4.6833001595
774,57.8,4.7123889804
775,57.8,4.7414778013
776,57.8,4.7705666221
777,57.8,4.799655443
778,57.8,4.8287442639
779,57.8,4.8578330847
780,57.8,4.8869219056
781,57.8,4.9160107265
782,57.8,4.9450995473
783,57.8,4.9741883682
784,57.8,5.0032771891
785,57.8,5.0323660099
786,57.8,5.0614548308
787,57.8,5.0905436517
788,57.8,5.1196324725
789,57.8,5.1487212934
790,57.8,5.1778101143
791,57.8,5.2068989351
792,57.8,5.235987756
793,57.8,5.2650765769
794,57.8,5.2941653977
795,57.8,5.3232542186
796,57.8,5.3523430395
797,57.8,5.3814318603
798,57.8,5.4105206812
799,57.8,5.4396095021
800,57.8,5.4686983229
801,57.8,5.4977871438
802,57.8,5.5268759647
803,57.8,5.5559647855
804,57.8,5.5850536064
805,57.8,5.6141424273
806,57.8,5.6432312481
807,57.8,5.672320069
808,57.8,5.7014088899
809,57.8,5.7304977107
810,57.8,5.7595865316
811,57.8,5.7886753525
812,57.8,5.8177641733
813,57.8,5.8468529942
814,57.8,5.8759418151
815,57.8,5.9050306359
816,57.8,5.9341194568
817,57.8,5.9632082777
818,57.8,5.9922970985
819,57.8,6.0213859194
820,57.8,6.0504747403
821,57.8,6.0795635611
822,57.8,6.108652382
823,57.8,6.1377412029
824,57.8,6.1668300237
825,57.8,6.1959188446
826,57.8,6.2250076655
827,57.8,6.2540964863
828,59.4,0.014544
829,59.4,0.0428466365
830,59.4,0.071149273
831,59.4,0.0994519096
832,59.4,0.1277545461
833,59.4,0.1560571826
834,59.4,0.1843598191
835,59.4,0.2126624556
836,59.4,0.2409650922
837,59.4,0.2692677287
838,59.4,0.2975703652
839,59.4,0.3258730017
840,59.4,0.3541756382
841,59.4,0.3824782747
842,59.4,0.4107809113
843,59.4,0.4390835478
844,59.4,0.4673861843
845,59.4,0.4956888208
846,59.4,0.5239914573
847,59.4,0.5522940939
848,59.4,0.5805967304
849,59.4,0.6088993669
850,59.4,0.6372020034
851,59.4,0.6655046399
852,59.4,0.6938072765
853,59.4,0.722109913
854,59.4,0.7504125495
855,59.4,0.778715186
856,59.4,0.8070178225
857,59.4,0.835320459
858,59.4,0.8636230956
859,59.4,0.8919257321
860,59.4,0.9202283686
861,59.4,0.9485310051
862,59.4,0.9768336416
863,59.4,1.0051362782
864,59.4,1.0334389147
865,59.4,1.0617415512
866,59.4,1.0900441877
867,59.4,1.1183468242
868,59.4,1.1466494608
869,59.4,1.1749520973
870,59.4,1.2032547338
871,59.4,1.2315573703
872,59.4,1.2598600068
873,59.4,1.2881626434
874,59.4,1.3164652799
875,59.4,1.3447679164
876,59.4,1.3730705529
877,59.4,1.4013731894
878,59.4,1.4296758259
879,59.4,1.4579784625
880,59.4,1.486281099
881,59.4,1.5145837355
882,59.4,1.542886372
883,59.4,1.5711890085
884,59.4,1.5994916451
885,59.4,1.6277942816
886,59.4,1.6560969181
887,59.4,1.6843995546
888,59.4,1.7127021911
889,59.4,1.7410048277
890,59.4,1.7693074642
891,59.4,1.7976101007
892,59.4,1.8259127372
893,59.4,1.8542153737
894,59.4,1.8825180102
895,59.4,1.9108206468
896,59.4,1.9391232833
897,59.4,1.9674259198
898,59.4,1.9957285563
899,59.4,2.0240311928
900,59.4,2.0523338294
901,59.4,2.0806364659
902,59.4,2.1089391024
903,59.4,2.1372417389
904,59.4,2.1655443754
905,59.4,2.193847012
906,59.4,2.2221496485
907,59.4,2.250452285
908,59.4,2.2787549215
909,59.4,2.307057558
910,59.4,2.3353601945
911,59.4,2.3636628311
912,59.4,2.3919654676
913,59.4,2.4202681041
914,59.4,2.4485707406
915,59.4,2.4768733771
916,59.4,2.5051760137
917,59.4,2.5334786502
918,59.4,2.5617812867
919,59.4,2.5900839232
920,59.4,2.6183865597
921,59.4,2.6466891963
922,59.4,2.6749918328
923,59.4,2.7032944693
924,59.4,2.7315971058
925,59.4,2.7598997423
926,59.4,2.7882023789
927,59.4,2.8165050154
928,59.4,2.8448076519
929,59.4,2.8731102884
930,59.4,2.9014129249
931,59.4,2.9297155614
932,59.4,2.958018198
933,59.4,2.9863208345
934,59.4,3.014623471
935,59.4,3.0429261075
936,59.4,3.071228744
937,59.4,3.0995313806
938,59.4,3.1278340171
939,59.4,3.1561366536
940,59.4,3.1844392901
941,59.4,3.2127419266
942,59.4,3.2410445632
943,59.4,3.2693471997
944,59.4,3.2976498362
945,59.4,3.3259524727
946,59.4,3.3542551092
947,59.4,3.3825577457
948,59.4,3.4108603823
949,59.4,3.4391630188
950,59.4,3.4674656553
951,59.4,3.4957682918
952,59.4,3.5240709283
953,59.4,3.5523735649
954,59.4,3.5806762014
955,59.4,3.6089788379
956,59.4,3.6372814744
957,59.4,3.6655841109
958,59.4,3.6938867475
959,59.4,3.722189384
960,59.4,3.7504920205
961,59.4,3.778794657
962,59.4,3.8070972935
963,59.4,3.83539993
964,59.4,3.8637025666
965,59.4,3.8920052031
966,59.4,3.9203078396
967,59.4,3.9486104761
968,59.4,3.9769131126
969,59.4,4.0052157492
970,59.4,4.0335183857
971,59.4,4.0618210222
972,59.4,4.0901236587
973,59.4,4.1184262952
974,59.4,4.1467289318
975,59.4,4.1750315683
976,59.4,4.2033342048
977,59.4,4.2316368413
978,59.4,4.2599394778
979,59.4,4.2882421143
980,59.4,4.3165447509
981,59.4,4.3448473874
982,59.4,4.3731500239
983,59.4,4.4014526604
984,59.4,4.4297552969
985,59.4,4.4580579335
986,59.4,4.48636057
987,59.4,4.5146632065
988,59.4,4.542965843
989,59.4,4.5712684795
990,59.4,4.5995711161
991,59.4,4.6278737526
992,59.4,4.6561763891
993,59.4,4.6844790256
994,59.4,4.7127816621
995,59.4,4.7410842986
996,59.4,4.7693869352
997,59.4,4.7976895717
998,59.4,4.8259922082
999,59.4,4.8542948447
1000,59.4,4.8825974812
1001,59.4,4.9109001178
1002,59.4,4.9392027543
1003,59.4,4.9675053908
1004,59.4,4.9958080273
1005,59.4,5.0241106638
1006,59.4,5.0524133004
1007,59.4,5.0807159369
1008,59.4,5.1090185734
1009,59.4,5.1373212099
1010,59.4,5.1656238464
1011,59.4,5.193926483
1012,59.4,5.2222291195
1013,59.4,5.250531756
1014,59.4,5.2788343925
1015,59.4,5.307137029
1016,59.4,5.3354396655
1017,59.4,5.3637423021
1018,59.4,5.3920449386
1019,59.4,5.4203475751
1020,59.4,5.4486502116
1021,59.4,5.4769528481
1022,59.4,5.5052554847
1023,59.4,5.5335581212
1024,59.4,5.5618607577
1025,59.4,5.5901633942
1026,59.4,5.6184660307
1027,59.4,5.6467686673
1028,59.4,5.6750713038
1029,59.4,5.7033739403
1030,59.4,5.7316765768
1031,59.4,5.7599792133
1032,59.4,5.7882818498
1033,59.4,5.8165844864
1034,59.4,5.8448871229
1035,59.4,5.8731897594
1036,59.4,5.9014923959
1037,59.4,5.9297950324
1038,59.4,5.958097669
1039,59.4,5.9864003055
1040,59.4,6.014702942
1041,59.4,6.0430055785
1042,59.4,6.071308215
1043,59.4,6.0996108516
1044,59.4,6.1279134881
1045,59.4,6.1562161246
1046,59.4,6.1845187611
1047,59.4,6.2128213976
1048,59.4,6.2411240341
1049,59.4,6.2694266707
1050,61,0
1051,61,0.0275578303
1052,61,0.0551156606
1053,61,0.0826734909
1054,61,0.1102313212
1055,61,0.1377891515
1056,61,0.1653469818
1057,61,0.1929048121
1058,61,0.2204626424
1059,61,0.2480204727
1060,61,0.2755783029
1061,61,0.3031361332
1062,61,0.3306939635
1063,61,0.3582517938
1064,61,0.3858096241
1065,61,0.4133674544
1066,61,0.4409252847
1067,61,0.468483115
1068,61,0.4960409453
1069,61,0.5235987756
1070,61,0.5511566059
1071,61,0.5787144362
1072,61,0.6062722665
1073,61,0.6338300968
1074,61,0.6613879271
1075,61,0.6889457574
1076,61,0.7165035877
1077,61,0.744061418
1078,61,0.7716192483
1079,61,0.7991770785
1080,61,0.8267349088
1081,61,0.8542927391
1082,61,0.8818505694
1083,61,0.9094083997
1084,61,0.93696623
1085,61,0.9645240603
1086,61,0.9920818906
1087,61,1.0196397209
1088,61,1.0471975512
1089,61,1.0747553815
1090,61,1.1023132118
1091,61,1.1298710421
1092,61,1.1574288724
1093,61,1.1849867027
1094,61,1.212544533
1095,61,1.2401023633
1096,61,1.2676601936
1097,61,1.2952180239
1098,61,1.3227758541
1099,61,1.3503336844
1100,61,1.3778915147
1101,61,1.405449345
1102,61,1.4330071753
1103,61,1.4605650056
1104,61,1.4881228359
1105,61,1.5156806662
1106,61,1.5432384965
1107,61,1.5707963268
1108,61,1.5983541571
1109,61,1.6259119874
1110,61,1.6534698177
1111,61,1.681027648
1112,61,1.7085854783
1113,61,1.7361433086
1114,61,1.7637011389
1115,61,1.7912589692
1116,61,1.8188167995
1117,61,1.8463746297
1118,61,1.87393246
1119,61,1.9014902903
1120,61,1.9290481206
1121,61,1.9566059509
1122,61,1.9841637812
1123,61,2.0117216115
1124,61,2.0392794418
1125,61,2.0668372721
1126,61,2.0943951024
1127,61,2.1219529327
1128,61,2.149510763
1129,61,2.1770685933
1130,61,2.2046264236
1131,61,2.2321842539
1132,61,2.2597420842
1133,61,2.2872999145
1134,61,2.3148577448
1135,61,2.3424155751
1136,61,2.3699734053
1137,61,2.3975312356
1138,61,2.4250890659
1139,61,2.4526468962
1140,61,2.4802047265
1141,61,2.5077625568
1142,61,2.5353203871
1143,61,2.5628782174
1144,61,2.5904360477
1145,61,2.617993878
1146,61,2.6455517083
1147,61,2.6731095386
1148,61,2.7006673689
1149,61,2.7282251992
1150,61,2.7557830295
1151,61,2.7833408598
1152,61,2.8108986901
1153,61,2.8384565204
1154,61,2.8660143506
1155,61,2.8935721809
1156,61,2.9211300112
1157,61,2.9486878415
1158,61,2.9762456718
1159,61,3.0038035021
1160,61,3.0313613324
1161,61,3.0589191627
1162,61,3.086476993
1163,61,3.1140348233
1164,61,3.1415926536
1165,61,3.1691504839
1166,61,3.1967083142
1167,61,3.2242661445
1168,61,3.2518239748
1169,61,3.2793818051
1170,61,3.3069396354
1171,61,3.3344974657
1172,61,3.362055296
1173,61,3.3896131262
1174,61,3.4171709565
1175,61,3.4447287868
1176,61,3.4722866171
1177,61,3.4998444474
1178,61,3.5274022777
1179,61,3.554960108
1180,61,3.5825179383
1181,61,3.6100757686
1182,61,3.6376335989
1183,61,3.6651914292
1184,61,3.6927492595
1185,61,3.7203070898
1186,61,3.7478649201
1187,61,3.7754227504
1188,61,3.8029805807
1189,61,3.830538411
1190,61,3.8580962413
1191,61,3.8856540716
1192,61,3.9132119018
1193,61,3.9407697321
1194,61,3.9683275624
1195,61,3.9958853927
1196,61,4.023443223
1197,61,4.0510010533
1198,61,4.0785588836
1199,61,4.1061167139
1200,61,4.1336745442
1201,61,4.1612323745
1202,61,4.1887902048
1203,61,4.2163480351
1204,61,4.2439058654
1205,61,4.2714636957
1206,61,4.299021526
1207,61,4.3265793563
1208,61,4.3541371866
1209,61,4.3816950169
1210,61,4.4092528471
1211,61,4.4368106774
1212,61,4.4643685077
1213,61,4.491926338
1214,61,4.5194841683
1215,61,4.5470419986
1216,61,4.5745998289
1217,61,4.6021576592
1218,61,4.6297154895
1219,61,4.6572733198
1220,61,4.6848311501
1221,61,4.7123889804
1222,61,4.7399468107
1223,61,4.767504641
1224,61,4.7950624713
1225,61,4.8226203016
1226,61,4.8501781319
1227,61,4.8777359622
1228,61,4.9052937925
1229,61,4.9328516227
1230,61,4.960409453
1231,61,4.9879672833
1232,61,5.0155251136
1233,61,5.0430829439
1234,61,5.0706407742
1235,61,5.0981986045
1236,61,5.1257564348
1237,61,5.1533142651
1238,61,5.1808720954
1239,61,5.2084299257
1240,61,5.235987756
1241,61,5.2635455863
1242,61,5.2911034166
1243,61,5.3186612469
1244,61,5.3462190772
1245,61,5.3737769075
1246,61,5.4013347378
1247,61,5.4288925681
1248,61,5.4564503983
1249,61,5.4840082286
1250,61,5.5115660589
1251,61,5.5391238892
1252,61,5.5666817195
1253,61,5.5942395498
1254,61,5.6217973801
1255,61,5.6493552104
1256,61,5.6769130407
1257,61,5.704470871
1258,61,5.7320287013
1259,61,5.7595865316
1260,61,5.7871443619
1261,61,5.8147021922
1262,61,5.8422600225
1263,61,5.8698178528
1264,61,5.8973756831
1265,61,5.9249335134
1266,61,5.9524913436
1267,61,5.9800491739
1268,61,6.0076070042
1269,61,6.0351648345
1270,61,6.0627226648
1271,61,6.0902804951
1272,61,6.1178383254
1273,61,6.1453961557
1274,61,6.172953986
1275,61,6.2005118163
1276,61,6.2280696466
1277,61,6.2556274769
1278,62.6,0
1279,62.6,0.0268512193
1280,62.6,0.0537024385
1281,62.6,0.0805536578
1282,62.6,0.107404877
1283,62.6,0.1342560963
1284,62.6,0.1611073156
1285,62.6,0.1879585348
1286,62.6,0.2148097541
1287,62.6,0.2416609734
1288,62.6,0.2685121926
1289,62.6,0.2953634119
1290,62.6,0.3222146311
1291,62.6,0.3490658504
1292,62.6,0.3759170697
1293,62.6,0.4027682889
1294,62.6,0.4296195082
1295,62.6,0.4564707274
1296,62.6,0.4833219467
1297,62.6,0.510173166
1298,62.6,0.5370243852
1299,62.6,0.5638756045
1300,62.6,0.5907268238
1301,62.6,0.617578043
1302,62.6,0.6444292623
1303,62.6,0.6712804815
1304,62.6,0.6981317008
1305,62.6,0.7249829201
1306,62.6,0.7518341393
1307,62.6,0.7786853586
1308,62.6,0.8055365778
1309,62.6,0.8323877971
1310,62.6,0.8592390164
1311,62.6,0.8860902356
1312,62.6,0.9129414549
1313,62.6,0.9397926742
1314,62.6,0.9666438934
1315,62.6,0.9934951127
1316,62.6,1.0203463319
1317,62.6,1.0471975512
1318,62.6,1.0740487705
1319,62.6,1.1008999897
1320,62.6,1.127751209
1321,62.6,1.1546024282
1322,62.6,1.1814536475
1323,62.6,1.2083048668
1324,62.6,1.235156086
1325,62.6,1.2620073053
1326,62.6,1.2888585246
1327,62.6,1.3157097438
1328,62.6,1.3425609631
1329,62.6,1.3694121823
1330,62.6,1.3962634016
1331,62.6,1.4231146209
1332,62.6,1.4499658401
1333,62.6,1.4768170594
1334,62.6,1.5036682786
1335,62.6,1.5305194979
1336,62.6,1.5573707172
1337,62.6,1.5842219364
1338,62.6,1.6110731557
1339,62.6,1.637924375
1340,62.6,1.6647755942
1341,62.6,1.6916268135
1342,62.6,1.7184780327
1343,62.6,1.745329252
1344,62.6,1.7721804713
1345,62.6,1.7990316905
1346,62.6,1.8258829098
1347,62.6,1.852734129
1348,62.6,1.8795853483
1349,62.6,1.9064365676
1350,62.6,1.9332877868
1351,62.6,1.9601390061
1352,62.6,1.9869902254
1353,62.6,2.0138414446
1354,62.6,2.0406926639
1355,62.6,2.0675438831
1356,62.6,2.0943951024
1357,62.6,2.1212463217
1358,62.6,2.1480975409
1359,62.6,2.1749487602
1360,62.6,2.2017999794
1361,62.6,2.2286511987
1362,62.6,2.255502418
1363,62.6,2.2823536372
1364,62.6,2.3092048565
1365,62.6,2.3360560758
1366,62.6,2.362907295
1367,62.6,2.3897585143
1368,62.6,2.4166097335
1369,62.6,2.4434609528
1370,62.6,2.4703121721
1371,62.6,2.4971633913
1372,62.6,2.5240146106
1373,62.6,2.5508658298
1374,62.6,2.5777170491
1375,62.6,2.6045682684
1376,62.6,2.6314194876
1377,62.6,2.6582707069
1378,62.6,2.6851219262
1379,62.6,2.7119731454
1380,62.6,2.7388243647
1381,62.6,2.7656755839
1382,62.6,2.7925268032
1383,62.6,2.8193780225
1384,62.6,2.8462292417
1385,62.6,2.873080461
1386,62.6,2.8999316802
1387,62.6,2.9267828995
1388,62.6,2.9536341188
1389,62.6,2.980485338
1390,62.6,3.0073365573
1391,62.6,3.0341877765
1392,62.6,3.0610389958
1393,62.6,3.0878902151
1394,62.6,3.1147414343
1395,62.6,3.1415926536
1396,62.6,3.1684438729
1397,62.6,3.1952950921
1398,62.6,3.2221463114
1399,62.6,3.2489975306
1400,62.6,3.2758487499
1401,62.6,3.3026999692
1402,62.6,3.3295511884
1403,62.6,3.3564024077
1404,62.6,3.3832536269
1405,62.6,3.4101048462
1406,62.6,3.4369560655
1407,62.6,3.4638072847
1408,62.6,3.490658504
1409,62.6,3.5175097233
1410,62.6,3.5443609425
1411,62.6,3.5712121618
1412,62.6,3.598063381
1413,62.6,3.6249146003
1414,62.6,3.6517658196
1415,62.6,3.6786170388
1416,62.6,3.7054682581
1417,62.6,3.7323194773
1418,62.6,3.7591706966
1419,62.6,3.7860219159
1420,62.6,3.8128731351
1421,62.6,3.8397243544
1422,62.6,3.8665755737
1423,62.6,3.8934267929
1424,62.6,3.9202780122
1425,62.6,3.9471292314
1426,62.6,3.9739804507
1427,62.6,4.00083167
1428,62.6,4.0276828892
1429,62.6,4.0545341085
1430,62.6,4.0813853277
1431,62.6,4.108236547
1432,62.6,4.1350877663
1433,62.6,4.1619389855
1434,62.6,4.1887902048
1435,62.6,4.2156414241
1436,62.6,4.2424926433
1437,62.6,4.2693438626
1438,62.6,4.2961950818
1439,62.6,4.3230463011
1440,62.6,4.3498975204
1441,62.6,4.3767487396
1442,62.6,4.4035999589
1443,62.6,4.4304511781
1444,62.6,4.4573023974
1445,62.6,4.4841536167
1446,62.6,4.5110048359
1447,62.6,4.5378560552
1448,62.6,4.5647072745
1449,62.6,4.5915584937
1450,62.6,4.618409713
1451,62.6,4.6452609322
1452,62.6,4.6721121515
1453,62.6,4.6989633708
1454,62.6,4.72581459
1455,62.6,4.7526658093
1456,62.6,4.7795170285
1457,62.6,4.8063682478
1458,62.6,4.8332194671
1459,62.6,4.8600706863
1460,62.6,4.8869219056
1461,62.6,4.9137731249
1462,62.6,4.9406243441
1463,62.6,4.9674755634
1464,62.6,4.9943267826
1465,62.6,5.0211780019
1466,62.6,5.0480292212
1467,62.6,5.0748804404
1468,62.6,5.1017316597
1469,62.6,5.1285828789
1470,62.6,5.1554340982
1471,62.6,5.1822853175
1472,62.6,5.2091365367
1473,62.6,5.235987756
1474,62.6,5.2628389752
1475,62.6,5.2896901945
1476,62.6,5.3165414138
1477,62.6,5.343392633
1478,62.6,5.3702438523
1479,62.6,5.3970950716
1480,62.6,5.4239462908
1481,62.6,5.4507975101
1482,62.6,5.4776487293
1483,62.6,5.5044999486
1484,62.6,5.5313511679
1485,62.6,5.5582023871
1486,62.6,5.5850536064
1487,62.6,5.6119048256
1488,62.6,5.6387560449
1489,62.6,5.6656072642
1490,62.6,5.6924584834
1491,62.6,5.7193097027
1492,62.6,5.746160922
1493,62.6,5.7730121412
1494,62.6,5.7998633605
1495,62.6,5.8267145797
1496,62.6,5.853565799
1497,62.6,5.8804170183
1498,62.6,5.9072682375
1499,62.6,5.9341194568
1500,62.6,5.960970676
1501,62.6,5.9878218953
1502,62.6,6.0146731146
1503,62.6,6.0415243338
1504,62.6,6.0683755531
1505,62.6,6.0952267724
1506,62.6,6.1220779916
1507,62.6,6.1489292109
1508,62.6,6.1757804301
1509,62.6,6.2026316494
1510,62.6,6.2294828687
1511,62.6,6.2563340879
1512,64.2,0.013426
1513,64.2,0.0396059388
1514,64.2,0.0657858776
1515,64.2,0.0919658163
1516,64.2,0.1181457551
1517,64.2,0.1443256939
1518,64.2,0.1705056327
1519,64.2,0.1966855715
1520,64.2,0.2228655102
1521,64.2,0.249045449
1522,64.2,0.2752253878
1523,64.2,0.3014053266
1524,64.2,0.3275852654
1525,64.2,0.3537652041
1526,64.2,0.3799451429
1527,64.2,0.4061250817
1528,64.2,0.4323050205
1529,64.2,0.4584849593
1530,64.2,0.484664898
1531,64.2,0.5108448368
1532,64.2,0.5370247756
1533,64.2,0.5632047144
1534,64.2,0.5893846532
1535,64.2,0.6155645919
1536,64.2,0.6417445307
1537,64.2,0.6679244695
1538,64.2,0.6941044083
1539,64.2,0.7202843471
1540,64.2,0.7464642858
1541,64.2,0.7726442246
1542,64.2,0.7988241634
1543,64.2,0.8250041022
1544,64.2,0.851184041
1545,64.2,0.8773639797
1546,64.2,0.9035439185
1547,64.2,0.9297238573
1548,64.2,0.9559037961
1549,64.2,0.9820837349
1550,64.2,1.0082636736
1551,64.2,1.0344436124
1552,64.2,1.0606235512
1553,64.2,1.08680349
1554,64.2,1.1129834288
1555,64.2,1.1391633675
1556,64.2,1.1653433063
1557,64.2,1.1915232451
1558,64.2,1.2177031839
1559,64.2,1.2438831227
1560,64.2,1.2700630614
1561,64.2,1.2962430002
1562,64.2,1.322422939
1563,64.2,1.3486028778
1564,64.2,1.3747828166
1565,64.2,1.4009627553
1566,64.2,1.4271426941
1567,64.2,1.4533226329
1568,64.2,1.4795025717
1569,64.2,1.5056825105
1570,64.2,1.5318624492
1571,64.2,1.558042388
1572,64.2,1.5842223268
1573,64.2,1.6104022656
1574,64.2,1.6365822044
1575,64.2,1.6627621431
1576,64.2,1.6889420819
1577,64.2,1.7151220207
1578,64.2,1.7413019595
1579,64.2,1.7674818983
1580,64.2,1.793661837
1581,64.2,1.8198417758
1582,64.2,1.8460217146
1583,64.2,1.8722016534
1584,64.2,1.8983815922
1585,64.2,1.9245615309
1586,64.2,1.9507414697
1587,64.2,1.9769214085
1588,64.2,2.0031013473
1589,64.2,2.0292812861
1590,64.2,2.0554612248
1591,64.2,2.0816411636
1592,64.2,2.1078211024
1593,64.2,2.1340010412
1594,64.2,2.16018098
1595,64.2,2.1863609187
1596,64.2,2.2125408575
1597,64.2,2.2387207963
1598,64.2,2.2649007351
1599,64.2,2.2910806739
1600,64.2,2.3172606126
1601,64.2,2.3434405514
1602,64.2,2.3696204902
1603,64.2,2.395800429
1604,64.2,2.4219803678
1605,64.2,2.4481603065
1606,64.2,2.4743402453
1607,64.2,2.5005201841
1608,64.2,2.5267001229
1609,64.2,2.5528800617
1610,64.2,2.5790600004
1611,64.2,2.6052399392
1612,64.2,2.631419878
1613,64.2,2.6575998168
1614,64.2,2.6837797556
1615,64.2,2.7099596943
1616,64.2,2.7361396331
1617,64.2,2.7623195719
1618,64.2,2.7884995107
1619,64.2,2.8146794495
1620,64.2,2.8408593882
1621,64.2,2.867039327
1622,64.2,2.8932192658
1623,64.2,2.9193992046
1624,64.2,2.9455791434
1625,64.2,2.9717590821
1626,64.2,2.9979390209
1627,64.2,3.0241189597
1628,64.2,3.0502988985
1629,64.2,3.0764788373
1630,64.2,3.102658776
1631,64.2,3.1288387148
1632,64.2,3.1550186536
1633,64.2,3.1811985924
1634,64.2,3.2073785312
1635,64.2,3.2335584699
1636,64.2,3.2597384087
1637,64.2,3.2859183475
1638,64.2,3.3120982863
1639,64.2,3.3382782251
1640,64.2,3.3644581638
1641,64.2,3.3906381026
1642,64.2,3.4168180414
1643,64.2,3.4429979802
1644,64.2,3.469177919
1645,64.2,3.4953578577
1646,64.2,3.5215377965
1647,64.2,3.5477177353
1648,64.2,3.5738976741
1649,64.2,3.6000776129
1650,64.2,3.6262575516
1651,64.2,3.6524374904
1652,64.2,3.6786174292
1653,64.2,3.704797368
1654,64.2,3.7309773068
1655,64.2,3.7571572455
1656,64.2,3.7833371843
1657,64.2,3.8095171231
1658,64.2,3.8356970619
1659,64.2,3.8618770007
1660,64.2,3.8880569394
1661,64.2,3.9142368782
1662,64.2,3.940416817
1663,64.2,3.9665967558
1664,64.2,3.9927766946
1665,64.2,4.0189566333
1666,64.2,4.0451365721
1667,64.2,4.0713165109
1668,64.2,4.0974964497
1669,64.2,4.1236763885
1670,64.2,4.1498563272
1671,64.2,4.176036266
1672,64.2,4.2022162048
1673,64.2,4.2283961436
1674,64.2,4.2545760824
1675,64.2,4.2807560211
1676,64.2,4.3069359599
1677,64.2,4.3331158987
1678,64.2,4.3592958375
1679,64.2,4.3854757763
1680,64.2,4.411655715
1681,64.2,4.4378356538
1682,64.2,4.4640155926
1683,64.2,4.4901955314
1684,64.2,4.5163754702
1685,64.2,4.5425554089
1686,64.2,4.5687353477
1687,64.2,4.5949152865
1688,64.2,4.6210952253
1689,64.2,4.647275164
1690,64.2,4.6734551028
1691,64.2,4.6996350416
1692,64.2,4.7258149804
1693,64.2,4.7519949192
1694,64.2,4.7781748579
1695,64.2,4.8043547967
1696,64.2,4.8305347355
1697,64.2,4.8567146743
1698,64.2,4.8828946131
1699,64.2,4.9090745518
1700,64.2,4.9352544906
1701,64.2,4.9614344294
1702,64.2,4.9876143682
1703,64.2,5.013794307
1704,64.2,5.0399742457
1705,64.2,5.0661541845
1706,64.2,5.0923341233
1707,64.2,5.1185140621
1708,64.2,5.1446940009
1709,64.2,5.1708739396
1710,64.2,5.1970538784
1711,64.2,5.2232338172
1712,64.2,5.249413756
1713,64.2,5.2755936948
1714,64.2,5.3017736335
1715,64.2,5.3279535723
1716,64.2,5.3541335111
1717,64.2,5.3803134499
1718,64.2,5.4064933887
1719,64.2,5.4326733274
1720,64.2,5.4588532662
1721,64.2,5.485033205
1722,64.2,5.5112131438
1723,64.2,5.5373930826
1724,64.2,5.5635730213
1725,64.2,5.5897529601
1726,64.2,5.6159328989
1727,64.2,5.6421128377
1728,64.2,5.6682927765
1729,64.2,5.6944727152
1730,64.2,5.720652654
1731,64.2,5.7468325928
1732,64.2,5.7730125316
1733,64.2,5.7991924704
1734,64.2,5.8253724091
1735,64.2,5.8515523479
1736,64.2,5.8777322867
1737,64.2,5.9039122255
1738,64.2,5.9300921643
1739,64.2,5.956272103
1740,64.2,5.9824520418
1741,64.2,6.0086319806
1742,64.2,6.0348119194
1743,64.2,6.0609918582
1744,64.2,6.0871717969
1745,64.2,6.1133517357
1746,64.2,6.1395316745
1747,64.2,6.1657116133
1748,64.2,6.1918915521
1749,64.2,6.2180714908
1750,64.2,6.2442514296
1751,64.2,6.2704313684
1752,65.8,0
1753,65.8,0.0255414037
1754,65.8,0.0510828074
1755,65.8,0.0766242111
1756,65.8,0.1021656148
1757,65.8,0.1277070184
1758,65.8,0.1532484221
1759,65.8,0.1787898258
1760,65.8,0.2043312295
1761,65.8,0.2298726332
1762,65.8,0.2554140369
1763,65.8,0.2809554406
1764,65.8,0.3064968443
1765,65.8,0.3320382479
1766,65.8,0.3575796516
1767,65.8,0.3831210553
1768,65.8,0.408662459
1769,65.8,0.4342038627
1770,65.8,0.4597452664
1771,65.8,0.4852866701
1772,65.8,0.5108280738
1773,65.8,0.5363694774
1774,65.8,0.5619108811
1775,65.8,0.5874522848
1776,65.8,0.6129936885
1777,65.8,0.6385350922
1778,65.8,0.6640764959
1779,65.8,0.6896178996
1780,65.8,0.7151593033
1781,65.8,0.7407007069
1782,65.8,0.7662421106
1783,65.8,0.7917835143
1784,65.8,0.817324918
1785,65.8,0.8428663217
1786,65.8,0.8684077254
1787,65.8,0.8939491291
1788,65.8,0.9194905328
1789,65.8,0.9450319364
1790,65.8,0.9705733401
1791,65.8,0.9961147438
1792,65.8,1.0216561475
1793,65.8,1.0471975512
1794,65.8,1.0727389549
1795,65.8,1.0982803586
1796,65.8,1.1238217623
1797,65.8,1.149363166
1798,65.8,1.1749045696
1799,65.8,1.2004459733
1800,65.8,1.225987377
1801,65.8,1.2515287807
1802,65.8,1.2770701844
1803,65.8,1.3026115881
1804,65.8,1.3281529918
1805,65.8,1.3536943955
1806,65.8,1.3792357991
1807,65.8,1.4047772028
1808,65.8,1.4303186065
1809,65.8,1.4558600102
1810,65.8,1.4814014139
1811,65.8,1.5069428176
1812,65.8,1.5324842213
1813,65.8,1.558025625
1814,65.8,1.5835670286
1815,65.8,1.6091084323
1816,65.8,1.634649836
1817,65.8,1.6601912397
1818,65.8,1.6857326434
1819,65.8,1.7112740471
1820,65.8,1.7368154508
1821,65.8,1.7623568545
1822,65.8,1.7878982581
1823,65.8,1.8134396618
1824,65.8,1.8389810655
1825,65.8,1.8645224692
1826,65.8,1.8900638729
1827,65.8,1.9156052766
1828,65.8,1.9411466803
1829,65.8,1.966688084
1830,65.8,1.9922294876
1831,65.8,2.0177708913
1832,65.8,2.043312295
1833,65.8,2.0688536987
1834,65.8,2.0943951024
1835,65.8,2.1199365061
1836,65.8,2.1454779098
1837,65.8,2.1710193135
1838,65.8,2.1965607171
1839,65.8,2.2221021208
1840,65.8,2.2476435245
1841,65.8,2.2731849282
1842,65.8,2.2987263319
1843,65.8,2.3242677356
1844,65.8,2.3498091393
1845,65.8,2.375350543
1846,65.8,2.4008919467
1847,65.8,2.4264333503
1848,65.8,2.451974754
1849,65.8,2.4775161577
1850,65.8,2.5030575614
1851,65.8,2.5285989651
1852,65.8,2.5541403688
1853,65.8,2.5796817725
1854,65.8,2.6052231762
1855,65.8,2.6307645798
1856,65.8,2.6563059835
1857,65.8,2.6818473872
1858,65.8,2.7073887909
1859,65.8,2.7329301946
1860,65.8,2.7584715983
1861,65.8,2.784013002
1862,65.8,2.8095544057
1863,65.8,2.8350958093
1864,65.8,2.860637213
1865,65.8,2.8861786167
1866,65.8,2.9117200204
1867,65.8,2.9372614241
1868,65.8,2.9628028278
1869,65.8,2.9883442315
1870,65.8,3.0138856352
1871,65.8,3.0394270388
1872,65.8,3.0649684425
1873,65.8,3.0905098462
1874,65.8,3.1160512499
1875,65.8,3.1415926536
1876,65.8,3.1671340573
1877,65.8,3.192675461
1878,65.8,3.2182168647
1879,65.8,3.2437582683
1880,65.8,3.269299672
1881,65.8,3.2948410757
1882,65.8,3.3203824794
1883,65.8,3.3459238831
1884,65.8,3.3714652868
1885,65.8,3.3970066905
1886,65.8,3.4225480942
1887,65.8,3.4480894978
1888,65.8,3.4736309015
1889,65.8,3.4991723052
1890,65.8,3.5247137089
1891,65.8,3.5502551126
1892,65.8,3.5757965163
1893,65.8,3.60133792
1894,65.8,3.6268793237
1895,65.8,3.6524207273
1896,65.8,3.677962131
1897,65.8,3.7035035347
1898,65.8,3.7290449384
1899,65.8,3.7545863421
1900,65.8,3.7801277458
1901,65.8,3.8056691495
1902,65.8,3.8312105532
1903,65.8,3.8567519569
1904,65.8,3.8822933605
1905,65.8,3.9078347642
1906,65.8,3.9333761679
1907,65.8,3.9589175716
1908,65.8,3.9844589753
1909,65.8,4.010000379
1910,65.8,4.0355417827
1911,65.8,4.0610831864
1912,65.8,4.08662459
1913,65.8,4.1121659937
1914,65.8,4.1377073974
1915,65.8,4.1632488011
1916,65.8,4.1887902048
1917,65.8,4.2143316085
1918,65.8,4.2398730122
1919,65.8,4.2654144159
1920,65.8,4.2909558195
1921,65.8,4.3164972232
1922,65.8,4.3420386269
1923,65.8,4.3675800306
1924,65.8,4.3931214343
1925,65.8,4.418662838
1926,65.8,4.4442042417
1927,65.8,4.4697456454
1928,65.8,4.495287049
1929,65.8,4.5208284527
1930,65.8,4.5463698564
1931,65.8,4.5719112601
1932,65.8,4.5974526638
1933,65.8,4.6229940675
1934,65.8,4.6485354712
1935,65.8,4.6740768749
1936,65.8,4.6996182785
1937,65.8,4.7251596822
1938,65.8,4.7507010859
1939,65.8,4.7762424896
1940,65.8,4.8017838933
1941,65.8,4.827325297
1942,65.8,4.8528667007
1943,65.8,4.8784081044
1944,65.8,4.903949508
1945,65.8,4.9294909117
1946,65.8,4.9550323154
1947,65.8,4.9805737191
1948,65.8,5.0061151228
1949,65.8,5.0316565265
1950,65.8,5.0571979302
1951,65.8,5.0827393339
1952,65.8,5.1082807375
1953,65.8,5.1338221412
1954,65.8,5.1593635449
1955,65.8,5.1849049486
1956,65.8,5.2104463523
1957,65.8,5.235987756
1958,65.8,5.2615291597
1959,65.8,5.2870705634
1960,65.8,5.3126119671
1961,65.8,5.3381533707
1962,65.8,5.3636947744
1963,65.8,5.3892361781
1964,65.8,5.4147775818
1965,65.8,5.4403189855
1966,65.8,5.4658603892
1967,65.8,5.4914017929
1968,65.8,5.5169431966
1969,65.8,5.5424846002
1970,65.8,5.5680260039
1971,65.8,5.5935674076
1972,65.8,5.6191088113
1973,65.8,5.644650215
1974,65.8,5.6701916187
1975,65.8,5.6957330224
1976,65.8,5.7212744261
1977,65.8,5.7468158297
1978,65.8,5.7723572334
1979,65.8,5.7978986371
1980,65.8,5.8234400408
1981,65.8,5.8489814445
1982,65.8,5.8745228482
1983,65.8,5.9000642519
1984,65.8,5.9256056556
1985,65.8,5.9511470592
1986,65.8,5.9766884629
1987,65.8,6.0022298666
1988,65.8,6.0277712703
1989,65.8,6.053312674
1990,65.8,6.0788540777
1991,65.8,6.1043954814
1992,65.8,6.1299368851
1993,65.8,6.1554782887
1994,65.8,6.1810196924
1995,65.8,6.2065610961
1996,65.8,6.2321024998
1997,65.8,6.2576439035
1998,67.4,0.012771
1999,67.4,0.037704275
2000,67.4,0.0626375501
2001,67.4,0.0875708251
2002,67.4,0.1125041001
2003,67.4,0.1374373751
2004,67.4,0.1623706502
2005,67.4,0.1873039252
2006,67.4,0.2122372002
2007,67.4,0.2371704753
2008,67.4,0.2621037503
2009,67.4,0.2870370253
2010,67.4,0.3119703003
2011,67.4,0.3369035754
2012,67.4,0.3618368504
2013,67.4,0.3867701254
2014,67.4,0.4117034005
2015,67.4,0.4366366755
2016,67.4,0.4615699505
2017,67.4,0.4865032255
2018,67.4,0.5114365006
2019,67.4,0.5363697756
2020,67.4,0.5613030506
2021,67.4,0.5862363257
2022,67.4,0.6111696007
2023,67.4,0.6361028757
2024,67.4,0.6610361507
2025,67.4,0.6859694258
2026,67.4,0.7109027008
2027,67.4,0.7358359758
2028,67.4,0.7607692509
2029,67.4,0.7857025259
2030,67.4,0.8106358009
2031,67.4,0.8355690759
2032,67.4,0.860502351
2033,67.4,0.885435626
2034,67.4,0.910368901
2035,67.4,0.9353021761
2036,67.4,0.9602354511
2037,67.4,0.9851687261
2038,67.4,1.0101020011
2039,67.4,1.0350352762
2040,67.4,1.0599685512
2041,67.4,1.0849018262
2042,67.4,1.1098351013
2043,67.4,1.1347683763
2044,67.4,1.1597016513
2045,67.4,1.1846349263
2046,67.4,1.2095682014
2047,67.4,1.2345014764
2048,67.4,1.2594347514
2049,67.4,1.2843680265
2050,67.4,1.3093013015
2051,67.4,1.3342345765
2052,67.4,1.3591678515
2053,67.4,1.3841011266
2054,67.4,1.4090344016
2055,67.4,1.4339676766
2056,67.4,1.4589009517
2057,67.4,1.4838342267
2058,67.4,1.5087675017
2059,67.4,1.5337007767
2060,67.4,1.5586340518
2061,67.4,1.5835673268
2062,67.4,1.6085006018
2063,67.4,1.6334338769
2064,67.4,1.6583671519
2065,67.4,1.6833004269
2066,67.4,1.7082337019
2067,67.4,1.733166977
2068,67.4,1.758100252
2069,67.4,1.783033527
2070,67.4,1.8079668021
2071,67.4,1.8329000771
2072,67.4,1.8578333521
2073,67.4,1.8827666271
2074,67.4,1.9076999022
2075,67.4,1.9326331772
2076,67.4,1.9575664522
2077,67.4,1.9824997273
2078,67.4,2.0074330023
2079,67.4,2.0323662773
2080,67.4,2.0572995523
2081,67.4,2.0822328274
2082,67.4,2.1071661024
2083,67.4,2.1320993774
2084,67.4,2.1570326525
2085,67.4,2.1819659275
2086,67.4,2.2068992025
2087,67.4,2.2318324775
2088,67.4,2.2567657526
2089,67.4,2.2816990276
2090,67.4,2.3066323026
2091,67.4,2.3315655777
2092,67.4,2.3564988527
2093,67.4,2.3814321277
2094,67.4,2.4063654027
2095,67.4,2.4312986778
2096,67.4,2.4562319528
2097,67.4,2.4811652278
2098,67.4,2.5060985029
2099,67.4,2.5310317779
2100,67.4,2.5559650529
2101,67.4,2.5808983279
2102,67.4,2.605831603
2103,67.4,2.630764878
2104,67.4,2.655698153
2105,67.4,2.6806314281
2106,67.4,2.7055647031
2107,67.4,2.7304979781
2108,67.4,2.7554312531
2109,67.4,2.7803645282
2110,67.4,2.8052978032
2111,67.4,2.8302310782
2112,67.4,2.8551643533
2113,67.4,2.8800976283
2114,67.4,2.9050309033
2115,67.4,2.9299641783
2116,67.4,2.9548974534
2117,67.4,2.9798307284
2118,67.4,3.0047640034
2119,67.4,3.0296972785
2120,67.4,3.0546305535
2121,67.4,3.0795638285
2122,67.4,3.1044971035
2123,67.4,3.1294303786
2124,67.4,3.1543636536
2125,67.4,3.1792969286
2126,67.4,3.2042302037
2127,67.4,3.2291634787
2128,67.4,3.2540967537
2129,67.4,3.2790300287
2130,67.4,3.3039633038
2131,67.4,3.3288965788
2132,67.4,3.3538298538
2133,67.4,3.3787631289
2134,67.4,3.4036964039
2135,67.4,3.4286296789
2136,67.4,3.4535629539
2137,67.4,3.478496229
2138,67.4,3.503429504
2139,67.4,3.528362779
2140,67.4,3.5532960541
2141,67.4,3.5782293291
2142,67.4,3.6031626041
2143,67.4,3.6280958791
2144,67.4,3.6530291542
2145,67.4,3.6779624292
2146,67.4,3.7028957042
2147,67.4,3.7278289793
2148,67.4,3.7527622543
2149,67.4,3.7776955293
2150,67.4,3.8026288043
2151,67.4,3.8275620794
2152,67.4,3.8524953544
2153,67.4,3.8774286294
2154,67.4,3.9023619044
2155,67.4,3.9272951795
2156,67.4,3.9522284545
2157,67.4,3.9771617295
2158,67.4,4.0020950046
2159,67.4,4.0270282796
2160,67.4,4.0519615546
2161,67.4,4.0768948296
2162,67.4,4.1018281047
2163,67.4,4.1267613797
2164,67.4,4.1516946547
2165,67.4,4.1766279298
2166,67.4,4.2015612048
2167,67.4,4.2264944798
2168,67.4,4.2514277548
2169,67.4,4.2763610299
2170,67.4,4.3012943049
2171,67.4,4.3262275799
2172,67.4,4.351160855
2173,67.4,4.37609413
2174,67.4,4.401027405
2175,67.4,4.42596068
2176,67.4,4.4508939551
2177,67.4,4.4758272301
2178,67.4,4.5007605051
2179,67.4,4.5256937802
2180,67.4,4.5506270552
2181,67.4,4.5755603302
2182,67.4,4.6004936052
2183,67.4,4.6254268803
2184,67.4,4.6503601553
2185,67.4,4.6752934303
2186,67.4,4.7002267054
2187,67.4,4.7251599804
2188,67.4,4.7500932554
2189,67.4,4.7750265304
2190,67.4,4.7999598055
2191,67.4,4.8248930805
2192,67.4,4.8498263555
2193,67.4,4.8747596306
2194,67.4,4.8996929056
2195,67.4,4.9246261806
2196,67.4,4.9495594556
2197,67.4,4.9744927307
2198,67.4,4.9994260057
2199,67.4,5.0243592807
2200,67.4,5.0492925558
2201,67.4,5.0742258308
2202,67.4,5.0991591058
2203,67.4,5.1240923808
2204,67.4,5.1490256559
2205,67.4,5.1739589309
2206,67.4,5.1988922059
2207,67.4,5.223825481
2208,67.4,5.248758756
2209,67.4,5.273692031
2210,67.4,5.298625306
2211,67.4,5.3235585811
2212,67.4,5.3484918561
2213,67.4,5.3734251311
2214,67.4,5.3983584062
2215,67.4,5.4232916812
2216,67.4,5.4482249562
2217,67.4,5.4731582312
2218,67.4,5.4980915063
2219,67.4,5.5230247813
2220,67.4,5.5479580563
2221,67.4,5.5728913314
2222,67.4,5.5978246064
2223,67.4,5.6227578814
2224,67.4,5.6476911564
2225,67.4,5.6726244315
2226,67.4,5.6975577065
2227,67.4,5.7224909815
2228,67.4,5.7474242566
2229,67.4,5.7723575316
2230,67.4,5.7972908066
2231,67.4,5.8222240816
2232,67.4,5.8471573567
2233,67.4,5.8720906317
2234,67.4,5.8970239067
2235,67.4,5.9219571818
2236,67.4,5.9468904568
2237,67.4,5.9718237318
2238,67.4,5.9967570068
2239,67.4,6.0216902819
2240,67.4,6.0466235569
2241,67.4,6.0715568319
2242,67.4,6.096490107
2243,67.4,6.121423382
2244,67.4,6.146356657
2245,67.4,6.171289932
2246,67.4,6.1962232071
2247,67.4,6.2211564821
2248,67.4,6.2460897571
2249,67.4,6.2710230322
2250,69,0
2251,69,0.0243534314
2252,69,0.0487068628
2253,69,0.0730602943
2254,69,0.0974137257
2255,69,0.1217671571
2256,69,0.1461205885
2257,69,0.17047402
2258,69,0.1948274514
2259,69,0.2191808828
2260,69,0.2435343142
2261,69,0.2678877457
2262,69,0.2922411771
2263,69,0.3165946085
2264,69,0.3409480399
2265,69,0.3653014713
2266,69,0.3896549028
2267,69,0.4140083342
2268,69,0.4383617656
2269,69,0.462715197
2270,69,0.4870686285
2271,69,0.5114220599
2272,69,0.5357754913
2273,69,0.5601289227
2274,69,0.5844823542
2275,69,0.6088357856
2276,69,0.633189217
2277,69,0.6575426484
2278,69,0.6818960798
2279,69,0.7062495113
2280,69,0.7306029427
2281,69,0.7549563741
2282,69,0.7793098055
2283,69,0.803663237
2284,69,0.8280166684
2285,69,0.8523700998
2286,69,0.8767235312
2287,69,0.9010769627
2288,69,0.9254303941
2289,69,0.9497838255
2290,69,0.9741372569
2291,69,0.9984906884
2292,69,1.0228441198
2293,69,1.0471975512
2294,69,1.0715509826
2295,69,1.095904414
2296,69,1.1202578455
2297,69,1.1446112769
2298,69,1.1689647083
2299,69,1.1933181397
2300,69,1.2176715712
2301,69,1.2420250026
2302,69,1.266378434
2303,69,1.2907318654
2304,69,1.3150852969
2305,69,1.3394387283
2306,69,1.3637921597
2307,69,1.3881455911
2308,69,1.4124990225
2309,69,1.436852454
2310,69,1.4612058854
2311,69,1.4855593168
2312,69,1.5099127482
2313,69,1.5342661797
2314,69,1.5586196111
2315,69,1.5829730425
2316,69,1.6073264739
2317,69,1.6316799054
2318,69,1.6560333368
2319,69,1.6803867682
2320,69,1.7047401996
2321,69,1.7290936311
2322,69,1.7534470625
2323,69,1.7778004939
2324,69,1.8021539253
2325,69,1.8265073567
2326,69,1.8508607882
2327,69,1.8752142196
2328,69,1.899567651
2329,69,1.9239210824
2330,69,1.9482745139
2331,69,1.9726279453
2332,69,1.9969813767
2333,69,2.0213348081
2334,69,2.0456882396
2335,69,2.070041671
2336,69,2.0943951024
2337,69,2.1187485338
2338,69,2.1431019652
2339,69,2.1674553967
2340,69,2.1918088281
2341,69,2.2161622595
2342,69,2.2405156909
2343,69,2.2648691224
2344,69,2.2892225538
2345,69,2.3135759852
2346,69,2.3379294166
2347,69,2.3622828481
2348,69,2.3866362795
2349,69,2.4109897109
2350,69,2.4353431423
2351,69,2.4596965737
2352,69,2.4840500052
2353,69,2.5084034366
2354,69,2.532756868
2355,69,2.5571102994
2356,69,2.5814637309
2357,69,2.6058171623
2358,69,2.6301705937
2359,69,2.6545240251
2360,69,2.6788774566
2361,69,2.703230888
2362,69,2.7275843194
2363,69,2.7519377508
2364,69,2.7762911822
2365,69,2.8006446137
2366,69,2.8249980451
2367,69,2.8493514765
2368,69,2.8737049079
2369,69,2.8980583394
2370,69,2.9224117708
2371,69,2.9467652022
2372,69,2.9711186336
2373,69,2.9954720651
2374,69,3.0198254965
2375,69,3.0441789279
2376,69,3.0685323593
2377,69,3.0928857907
2378,69,3.1172392222
2379,69,3.1415926536
2380,69,3.165946085
2381,69,3.1902995164
2382,69,3.2146529479
2383,69,3.2390063793
2384,69,3.2633598107
2385,69,3.2877132421
2386,69,3.3120666736
2387,69,3.336420105
2388,69,3.3607735364
2389,69,3.3851269678
2390,69,3.4094803992
2391,69,3.4338338307
2392,69,3.4581872621
2393,69,3.4825406935
2394,69,3.5068941249
2395,69,3.5312475564
2396,69,3.5556009878
2397,69,3.5799544192
2398,69,3.6043078506
2399,69,3.6286612821
2400,69,3.6530147135
2401,69,3.6773681449
2402,69,3.7017215763
2403,69,3.7260750078
2404,69,3.7504284392
2405,69,3.7747818706
2406,69,3.799135302
2407,69,3.8234887334
2408,69,3.8478421649
2409,69,3.8721955963
2410,69,3.8965490277
2411,69,3.9209024591
2412,69,3.9452558906
2413,69,3.969609322
2414,69,3.9939627534
2415,69,4.0183161848
2416,69,4.0426696163
2417,69,4.0670230477
2418,69,4.0913764791
2419,69,4.1157299105
2420,69,4.1400833419
2421,69,4.1644367734
2422,69,4.1887902048
2423,69,4.2131436362
2424,69,4.2374970676
2425,69,4.2618504991
2426,69,4.2862039305
2427,69,4.3105573619
2428,69,4.3349107933
2429,69,4.3592642248
2430,69,4.3836176562
2431,69,4.4079710876
2432,69,4.432324519
2433,69,4.4566779504
2434,69,4.4810313819
2435,69,4.5053848133
2436,69,4.5297382447
2437,69,4.5540916761
2438,69,4.5784451076
2439,69,4.602798539
2440,69,4.6271519704
2441,69,4.6515054018
2442,69,4.6758588333
2443,69,4.7002122647
2444,69,4.7245656961
2445,69,4.7489191275
2446,69,4.7732725589
2447,69,4.7976259904
2448,69,4.8219794218
2449,69,4.8463328532
2450,69,4.8706862846
2451,69,4.8950397161
2452,69,4.9193931475
2453,69,4.9437465789
2454,69,4.9681000103
2455,69,4.9924534418
2456,69,5.0168068732
2457,69,5.0411603046
2458,69,5.065513736
2459,69,5.0898671674
2460,69,5.1142205989
2461,69,5.1385740303
2462,69,5.1629274617
2463,69,5.1872808931
2464,69,5.2116343246
2465,69,5.235987756
2466,69,5.2603411874
2467,69,5.2846946188
2468,69,5.3090480503
2469,69,5.3334014817
2470,69,5.3577549131
2471,69,5.3821083445
2472,69,5.406461776
2473,69,5.4308152074
2474,69,5.4551686388
2475,69,5.4795220702
2476,69,5.5038755016
2477,69,5.5282289331
2478,69,5.5525823645
2479,69,5.5769357959
2480,69,5.6012892273
2481,69,5.6256426588
2482,69,5.6499960902
2483,69,5.6743495216
2484,69,5.698702953
2485,69,5.7230563845
2486,69,5.7474098159
2487,69,5.7717632473
2488,69,5.7961166787
2489,69,5.8204701101
2490,69,5.8448235416
2491,69,5.869176973
2492,69,5.8935304044
2493,69,5.9178838358
2494,69,5.9422372673
2495,69,5.9665906987
2496,69,5.9909441301
2497,69,6.0152975615
2498,69,6.039650993
2499,69,6.0640044244
2500,69,6.0883578558
2501,69,6.1127112872
2502,69,6.1370647186
2503,69,6.1614181501
2504,69,6.1857715815
2505,69,6.2101250129
2506,69,6.2344784443
2507,69,6.2588318758
2508,70.6,0.012177
2509,70.6,0.0359769443
2510,70.6,0.0597768887
2511,70.6,0.083576833
2512,70.6,0.1073767774
2513,70.6,0.1311767217
2514,70.6,0.1549766661
2515,70.6,0.1787766104
2516,70.6,0.2025765548
2517,70.6,0.2263764991
2518,70.6,0.2501764435
2519,70.6,0.2739763878
2520,70.6,0.2977763321
2521,70.6,0.3215762765
2522,70.6,0.3453762208
2523,70.6,0.3691761652
2524,70.6,0.3929761095
2525,70.6,0.4167760539
2526,70.6,0.4405759982
2527,70.6,0.4643759426
2528,70.6,0.4881758869
2529,70.6,0.5119758313
2530,70.6,0.5357757756
2531,70.6,0.5595757199
2532,70.6,0.5833756643
2533,70.6,0.6071756086
2534,70.6,0.630975553
2535,70.6,0.6547754973
2536,70.6,0.6785754417
2537,70.6,0.702375386
2538,70.6,0.7261753304
2539,70.6,0.7499752747
2540,70.6,0.7737752191
2541,70.6,0.7975751634
2542,70.6,0.8213751077
2543,70.6,0.8451750521
2544,70.6,0.8689749964
2545,70.6,0.8927749408
2546,70.6,0.9165748851
2547,70.6,0.9403748295
2548,70.6,0.9641747738
2549,70.6,0.9879747182
2550,70.6,1.0117746625
2551,70.6,1.0355746069
2552,70.6,1.0593745512
2553,70.6,1.0831744955
2554,70.6,1.1069744399
2555,70.6,1.1307743842
2556,70.6,1.1545743286
2557,70.6,1.1783742729
2558,70.6,1.2021742173
2559,70.6,1.2259741616
2560,70.6,1.249774106
2561,70.6,1.2735740503
2562,70.6,1.2973739947
2563,70.6,1.321173939
2564,70.6,1.3449738833
2565,70.6,1.3687738277
2566,70.6,1.392573772
2567,70.6,1.4163737164
2568,70.6,1.4401736607
2569,70.6,1.4639736051
2570,70.6,1.4877735494
2571,70.6,1.5115734938
2572,70.6,1.5353734381
2573,70.6,1.5591733825
2574,70.6,1.5829733268
2575,70.6,1.6067732711
2576,70.6,1.6305732155
2577,70.6,1.6543731598
2578,70.6,1.6781731042
2579,70.6,1.7019730485
2580,70.6,1.7257729929
2581,70.6,1.7495729372
2582,70.6,1.7733728816
2583,70.6,1.7971728259
2584,70.6,1.8209727703
2585,70.6,1.8447727146
2586,70.6,1.8685726589
2587,70.6,1.8923726033
2588,70.6,1.9161725476
2589,70.6,1.939972492
2590,70.6,1.9637724363
2591,70.6,1.9875723807
2592,70.6,2.011372325
2593,70.6,2.0351722694
2594,70.6,2.0589722137
2595,70.6,2.0827721581
2596,70.6,2.1065721024
2597,70.6,2.1303720467
2598,70.6,2.1541719911
2599,70.6,2.1779719354
2600,70.6,2.2017718798
2601,70.6,2.2255718241
2602,70.6,2.2493717685
2603,70.6,2.2731717128
2604,70.6,2.2969716572
2605,70.6,2.3207716015
2606,70.6,2.3445715459
2607,70.6,2.3683714902
2608,70.6,2.3921714345
2609,70.6,2.4159713789
2610,70.6,2.4397713232
2611,70.6,2.4635712676
2612,70.6,2.4873712119
2613,70.6,2.5111711563
2614,70.6,2.5349711006
2615,70.6,2.558771045
2616,70.6,2.5825709893
2617,70.6,2.6063709337
2618,70.6,2.630170878
2619,70.6,2.6539708223
2620,70.6,2.6777707667
2621,70.6,2.701570711
2622,70.6,2.7253706554
2623,70.6,2.7491705997
2624,70.6,2.7729705441
2625,70.6,2.7967704884
2626,70.6,2.8205704328
2627,70.6,2.8443703771
2628,70.6,2.8681703215
2629,70.6,2.8919702658
2630,70.6,2.9157702101
2631,70.6,2.9395701545
2632,70.6,2.9633700988
2633,70.6,2.9871700432
2634,70.6,3.0109699875
2635,70.6,3.0347699319
2636,70.6,3.0585698762
2637,70.6,3.0823698206
2638,70.6,3.1061697649
2639,70.6,3.1299697092
2640,70.6,3.1537696536
2641,70.6,3.1775695979
2642,70.6,3.2013695423
2643,70.6,3.2251694866
2644,70.6,3.248969431
2645,70.6,3.2727693753
2646,70.6,3.2965693197
2647,70.6,3.320369264
2648,70.6,3.3441692084
2649,70.6,3.3679691527
2650,70.6,3.391769097
2651,70.6,3.4155690414
2652,70.6,3.4393689857
2653,70.6,3.4631689301
2654,70.6,3.4869688744
2655,70.6,3.5107688188
2656,70.6,3.5345687631
2657,70.6,3.5583687075
2658,70.6,3.5821686518
2659,70.6,3.6059685962
2660,70.6,3.6297685405
2661,70.6,3.6535684848
2662,70.6,3.6773684292
2663,70.6,3.7011683735
2664,70.6,3.7249683179
2665,70.6,3.7487682622
2666,70.6,3.7725682066
2667,70.6,3.7963681509
2668,70.6,3.8201680953
2669,70.6,3.8439680396
2670,70.6,3.867767984
2671,70.6,3.8915679283
2672,70.6,3.9153678726
2673,70.6,3.939167817
2674,70.6,3.9629677613
2675,70.6,3.9867677057
2676,70.6,4.01056765
2677,70.6,4.0343675944
2678,70.6,4.0581675387
2679,70.6,4.0819674831
2680,70.6,4.1057674274
2681,70.6,4.1295673718
2682,70.6,4.1533673161
2683,70.6,4.1771672604
2684,70.6,4.2009672048
2685,70.6,4.2247671491
2686,70.6,4.2485670935
2687,70.6,4.2723670378
2688,70.6,4.2961669822
2689,70.6,4.3199669265
2690,70.6,4.3437668709
2691,70.6,4.3675668152
2692,70.6,4.3913667596
2693,70.6,4.4151667039
2694,70.6,4.4389666482
2695,70.6,4.4627665926
2696,70.6,4.4865665369
2697,70.6,4.5103664813
2698,70.6,4.5341664256
2699,70.6,4.55796637
2700,70.6,4.5817663143
2701,70.6,4.6055662587
2702,70.6,4.629366203
2703,70.6,4.6531661474
2704,70.6,4.6769660917
2705,70.6,4.700766036
2706,70.6,4.7245659804
2707,70.6,4.7483659247
2708,70.6,4.7721658691
2709,70.6,4.7959658134
2710,70.6,4.8197657578
2711,70.6,4.8435657021
2712,70.6,4.8673656465
2713,70.6,4.8911655908
2714,70.6,4.9149655352
2715,70.6,4.9387654795
2716,70.6,4.9625654238
2717,70.6,4.9863653682
2718,70.6,5.0101653125
2719,70.6,5.0339652569
2720,70.6,5.0577652012
2721,70.6,5.0815651456
2722,70.6,5.1053650899
2723,70.6,5.1291650343
2724,70.6,5.1529649786
2725,70.6,5.176764923
2726,70.6,5.2005648673
2727,70.6,5.2243648116
2728,70.6,5.248164756
2729,70.6,5.2719647003
2730,70.6,5.2957646447
2731,70.6,5.319564589
2732,70.6,5.3433645334
2733,70.6,5.3671644777
2734,70.6,5.3909644221
2735,70.6,5.4147643664
2736,70.6,5.4385643108
2737,70.6,5.4623642551
2738,70.6,5.4861641994
2739,70.6,5.5099641438
2740,70.6,5.5337640881
2741,70.6,5.5575640325
2742,70.6,5.5813639768
2743,70.6,5.6051639212
2744,70.6,5.6289638655
2745,70.6,5.6527638099
2746,70.6,5.6765637542
2747,70.6,5.7003636986
2748,70.6,5.7241636429
2749,70.6,5.7479635872
2750,70.6,5.7717635316
2751,70.6,5.7955634759
2752,70.6,5.8193634203
2753,70.6,5.8431633646
2754,70.6,5.866963309
2755,70.6,5.8907632533
2756,70.6,5.9145631977
2757,70.6,5.938363142
2758,70.6,5.9621630863
2759,70.6,5.9859630307
2760,70.6,6.009762975
2761,70.6,6.0335629194
2762,70.6,6.0573628637
2763,70.6,6.0811628081
2764,70.6,6.1049627524
2765,70.6,6.1287626968
2766,70.6,6.1525626411
2767,70.6,6.1763625855
2768,70.6,6.2001625298
2769,70.6,6.2239624741
2770,70.6,6.2477624185
2771,70.6,6.2715623628
2772,72.2,0
2773,72.2,0.0232710567
2774,72.2,0.0465421134
2775,72.2,0.0698131701
2776,72.2,0.0930842268
2777,72.2,0.1163552835
2778,72.2,0.1396263402
2779,72.2,0.1628973969
2780,72.2,0.1861684535
2781,72.2,0.2094395102
2782,72.2,0.2327105669
2783,72.2,0.2559816236
2784,72.2,0.2792526803
2785,72.2,0.302523737
2786,72.2,0.3257947937
2787,72.2,0.3490658504
2788,72.2,0.3723369071
2789,72.2,0.3956079638
2790,72.2,0.4188790205
2791,72.2,0.4421500772
2792,72.2,0.4654211339
2793,72.2,0.4886921906
2794,72.2,0.5119632473
2795,72.2,0.5352343039
2796,72.2,0.5585053606
2797,72.2,0.5817764173
2798,72.2,0.605047474
2799,72.2,0.6283185307
2800,72.2,0.6515895874
2801,72.2,0.6748606441
2802,72.2,0.6981317008
2803,72.2,0.7214027575
2804,72.2,0.7446738142
2805,72.2,0.7679448709
2806,72.2,0.7912159276
2807,72.2,0.8144869843
2808,72.2,0.837758041
2809,72.2,0.8610290977
2810,72.2,0.8843001543
2811,72.2,0.907571211
2812,72.2,0.9308422677
2813,72.2,0.9541133244
2814,72.2,0.9773843811
2815,72.2,1.0006554378
2816,72.2,1.0239264945
2817,72.2,1.0471975512
2818,72.2,1.0704686079
2819,72.2,1.0937396646
2820,72.2,1.1170107213
2821,72.2,1.140281778
2822,72.2,1.1635528347
2823,72.2,1.1868238914
2824,72.2,1.2100949481
2825,72.2,1.2333660047
2826,72.2,1.2566370614
2827,72.2,1.2799081181
2828,72.2,1.3031791748
2829,72.2,1.3264502315
2830,72.2,1.3497212882
2831,72.2,1.3729923449
2832,72.2,1.3962634016
2833,72.2,1.4195344583
2834,72.2,1.442805515
2835,72.2,1.4660765717
2836,72.2,1.4893476284
2837,72.2,1.5126186851
2838,72.2,1.5358897418
2839,72.2,1.5591607985
2840,72.2,1.5824318551
2841,72.2,1.6057029118
2842,72.2,1.6289739685
2843,72.2,1.6522450252
2844,72.2,1.6755160819
2845,72.2,1.6987871386
2846,72.2,1.7220581953
2847,72.2,1.745329252
2848,72.2,1.7686003087
2849,72.2,1.7918713654
2850,72.2,1.8151424221
2851,72.2,1.8384134788
2852,72.2,1.8616845355
2853,72.2,1.8849555922
2854,72.2,1.9082266489
2855,72.2,1.9314977055
2856,72.2,1.9547687622
2857,72.2,1.9780398189
2858,72.2,2.0013108756
2859,72.2,2.0245819323
2860,72.2,2.047852989
2861,72.2,2.0711240457
2862,72.2,2.0943951024
2863,72.2,2.1176661591
2864,72.2,2.1409372158
2865,72.2,2.1642082725
2866,72.2,2.1874793292
2867,72.2,2.2107503859
2868,72.2,2.2340214426
2869,72.2,2.2572924993
2870,72.2,2.2805635559
2871,72.2,2.3038346126
2872,72.2,2.3271056693
2873,72.2,2.350376726
2874,72.2,2.3736477827
2875,72.2,2.3969188394
2876,72.2,2.4201898961
2877,72.2,2.4434609528
2878,72.2,2.4667320095
2879,72.2,2.4900030662
2880,72.2,2.5132741229
2881,72.2,2.5365451796
2882,72.2,2.5598162363
2883,72.2,2.583087293
2884,72.2,2.6063583496
2885,72.2,2.6296294063
2886,72.2,2.652900463
2887,72.2,2.6761715197
2888,72.2,2.6994425764
2889,72.2,2.7227136331
2890,72.2,2.7459846898
2891,72.2,2.7692557465
2892,72.2,2.7925268032
2893,72.2,2.8157978599
2894,72.2,2.8390689166
2895,72.2,2.8623399733
2896,72.2,2.88561103
2897,72.2,2.9088820867
2898,72.2,2.9321531434
2899,72.2,2.9554242
2900,72.2,2.9786952567
2901,72.2,3.0019663134
2902,72.2,3.0252373701
2903,72.2,3.0485084268
2904,72.2,3.0717794835
2905,72.2,3.0950505402
2906,72.2,3.1183215969
2907,72.2,3.1415926536
2908,72.2,3.1648637103
2909,72.2,3.188134767
2910,72.2,3.2114058237
2911,72.2,3.2346768804
2912,72.2,3.2579479371
2913,72.2,3.2812189938
2914,72.2,3.3044900504
2915,72.2,3.3277611071
2916,72.2,3.3510321638
2917,72.2,3.3743032205
2918,72.2,3.3975742772
2919,72.2,3.4208453339
2920,72.2,3.4441163906
2921,72.2,3.4673874473
2922,72.2,3.490658504
2923,72.2,3.5139295607
2924,72.2,3.5372006174
2925,72.2,3.5604716741
2926,72.2,3.5837427308
2927,72.2,3.6070137875
2928,72.2,3.6302848442
2929,72.2,3.6535559008
2930,72.2,3.6768269575
2931,72.2,3.7000980142
2932,72.2,3.7233690709
2933,72.2,3.7466401276
2934,72.2,3.7699111843
2935,72.2,3.793182241
2936,72.2,3.8164532977
2937,72.2,3.8397243544
2938,72.2,3.8629954111
2939,72.2,3.8862664678
2940,72.2,3.9095375245
2941,72.2,3.9328085812
2942,72.2,3.9560796379
2943,72.2,3.9793506946
2944,72.2,4.0026217512
2945,72.2,4.0258928079
2946,72.2,4.0491638646
2947,72.2,4.0724349213
2948,72.2,4.095705978
2949,72.2,4.1189770347
2950,72.2,4.1422480914
2951,72.2,4.1655191481
2952,72.2,4.1887902048
2953,72.2,4.2120612615
2954,72.2,4.2353323182
2955,72.2,4.2586033749
2956,72.2,4.2818744316
2957,72.2,4.3051454883
2958,72.2,4.328416545
2959,72.2,4.3516876016
2960,72.2,4.3749586583
2961,72.2,4.398229715
2962,72.2,4.4215007717
2963,72.2,4.4447718284
2964,72.2,4.4680428851
2965,72.2,4.4913139418
2966,72.2,4.5145849985
2967,72.2,4.5378560552
2968,72.2,4.5611271119
2969,72.2,4.5843981686
2970,72.2,4.6076692253
2971,72.2,4.630940282
2972,72.2,4.6542113387
2973,72.2,4.6774823953
2974,72.2,4.700753452
2975,72.2,4.7240245087
2976,72.2,4.7472955654
2977,72.2,4.7705666221
2978,72.2,4.7938376788
2979,72.2,4.8171087355
2980,72.2,4.8403797922
2981,72.2,4.8636508489
2982,72.2,4.8869219056
2983,72.2,4.9101929623
2984,72.2,4.933464019
2985,72.2,4.9567350757
2986,72.2,4.9800061324
2987,72.2,5.0032771891
2988,72.2,5.0265482457
2989,72.2,5.0498193024
2990,72.2,5.0730903591
2991,72.2,5.0963614158
2992,72.2,5.1196324725
2993,72.2,5.1429035292
2994,72.2,5.1661745859
2995,72.2,5.1894456426
2996,72.2,5.2127166993
2997,72.2,5.235987756
2998,72.2,5.2592588127
2999,72.2,5.2825298694
3000,72.2,5.3058009261
3001,72.2,5.3290719828
3002,72.2,5.3523430395
3003,72.2,5.3756140961
3004,72.2,5.3988851528
3005,72.2,5.4221562095
3006,72.2,5.4454272662
3007,72.2,5.4686983229
3008,72.2,5.4919693796
3009,72.2,5.5152404363
3010,72.2,5.538511493
3011,72.2,5.5617825497
3012,72.2,5.5850536064
3013,72.2,5.6083246631
3014,72.2,5.6315957198
3015,72.2,5.6548667765
3016,72.2,5.6781378332
3017,72.2,5.7014088899
3018,72.2,5.7246799465
3019,72.2,5.7479510032
3020,72.2,5.7712220599
3021,72.2,5.7944931166
3022,72.2,5.8177641733
3023,72.2,5.84103523
3024,72.2,5.8643062867
3025,72.2,5.8875773434
3026,72.2,5.9108484001
3027,72.2,5.9341194568
3028,72.2,5.9573905135
3029,72.2,5.9806615702
3030,72.2,6.0039326269
3031,72.2,6.0272036836
3032,72.2,6.0504747403
3033,72.2,6.0737457969
3034,72.2,6.0970168536
3035,72.2,6.1202879103
3036,72.2,6.143558967
3037,72.2,6.1668300237
3038,72.2,6.1901010804
3039,72.2,6.2133721371
3040,72.2,6.2366431938
3041,72.2,6.2599142505
3042,73.8,0.011636
3043,73.8,0.0344011642
3044,73.8,0.0571663283
3045,73.8,0.0799314925
3046,73.8,0.1026966566
3047,73.8,0.1254618208
3048,73.8,0.1482269849
3049,73.8,0.1709921491
3050,73.8,0.1937573133
3051,73.8,0.2165224774
3052,73.8,0.2392876416
3053,73.8,0.2620528057
3054,73.8,0.2848179699
3055,73.8,0.307583134
3056,73.8,0.3303482982
3057,73.8,0.3531134623
3058,73.8,0.3758786265
3059,73.8,0.3986437907
3060,73.8,0.4214089548
3061,73.8,0.444174119
3062,73.8,0.4669392831
3063,73.8,0.4897044473
3064,73.8,0.5124696114
3065,73.8,0.5352347756
3066,73.8,0.5579999398
3067,73.8,0.5807651039
3068,73.8,0.6035302681
3069,73.8,0.6262954322
3070,73.8,0.6490605964
3071,73.8,0.6718257605
3072,73.8,0.6945909247
3073,73.8,0.7173560889
3074,73.8,0.740121253
3075,73.8,0.7628864172
3076,73.8,0.7856515813
3077,73.8,0.8084167455
3078,73.8,0.8311819096
3079,73.8,0.8539470738
3080,73.8,0.8767122379
3081,73.8,0.8994774021
3082,73.8,0.9222425663
3083,73.8,0.9450077304
3084,73.8,0.9677728946
3085,73.8,0.9905380587
3086,73.8,1.0133032229
3087,73.8,1.036068387
3088,73.8,1.0588335512
3089,73.8,1.0815987154
3090,73.8,1.1043638795
3091,73.8,1.1271290437
3092,73.8,1.1498942078
3093,73.8,1.172659372
3094,73.8,1.1954245361
3095,73.8,1.2181897003
3096,73.8,1.2409548645
3097,73.8,1.2637200286
3098,73.8,1.2864851928
3099,73.8,1.3092503569
3100,73.8,1.3320155211
3101,73.8,1.3547806852
3102,73.8,1.3775458494
3103,73.8,1.4003110135
3104,73.8,1.4230761777
3105,73.8,1.4458413419
3106,73.8,1.468606506
3107,73.8,1.4913716702
3108,73.8,1.5141368343
3109,73.8,1.5369019985
3110,73.8,1.5596671626
3111,73.8,1.5824323268
3112,73.8,1.605197491
3113,73.8,1.6279626551
3114,73.8,1.6507278193
3115,73.8,1.6734929834
3116,73.8,1.6962581476
3117,73.8,1.7190233117
3118,73.8,1.7417884759
3119,73.8,1.7645536401
3120,73.8,1.7873188042
3121,73.8,1.8100839684
3122,73.8,1.8328491325
3123,73.8,1.8556142967
3124,73.8,1.8783794608
3125,73.8,1.901144625
3126,73.8,1.9239097891
3127,73.8,1.9466749533
3128,73.8,1.9694401175
3129,73.8,1.9922052816
3130,73.8,2.0149704458
3131,73.8,2.0377356099
3132,73.8,2.0605007741
3133,73.8,2.0832659382
3134,73.8,2.1060311024
3135,73.8,2.1287962666
3136,73.8,2.1515614307
3137,73.8,2.1743265949
3138,73.8,2.197091759
3139,73.8,2.2198569232
3140,73.8,2.2426220873
3141,73.8,2.2653872515
3142,73.8,2.2881524156
3143,73.8,2.3109175798
3144,73.8,2.333682744
3145,73.8,2.3564479081
3146,73.8,2.3792130723
3147,73.8,2.4019782364
3148,73.8,2.4247434006
3149,73.8,2.4475085647
3150,73.8,2.4702737289
3151,73.8,2.4930388931
3152,73.8,2.5158040572
3153,73.8,2.5385692214
3154,73.8,2.5613343855
3155,73.8,2.5840995497
3156,73.8,2.6068647138
3157,73.8,2.629629878
3158,73.8,2.6523950422
3159,73.8,2.6751602063
3160,73.8,2.6979253705
3161,73.8,2.7206905346
3162,73.8,2.7434556988
3163,73.8,2.7662208629
3164,73.8,2.7889860271
3165,73.8,2.8117511912
3166,73.8,2.8345163554
3167,73.8,2.8572815196
3168,73.8,2.8800466837
3169,73.8,2.9028118479
3170,73.8,2.925577012
3171,73.8,2.9483421762
3172,73.8,2.9711073403
3173,73.8,2.9938725045
3174,73.8,3.0166376687
3175,73.8,3.0394028328
3176,73.8,3.062167997
3177,73.8,3.0849331611
3178,73.8,3.1076983253
3179,73.8,3.1304634894
3180,73.8,3.1532286536
3181,73.8,3.1759938178
3182,73.8,3.1987589819
3183,73.8,3.2215241461
3184,73.8,3.2442893102
3185,73.8,3.2670544744
3186,73.8,3.2898196385
3187,73.8,3.3125848027
3188,73.8,3.3353499668
3189,73.8,3.358115131
3190,73.8,3.3808802952
3191,73.8,3.4036454593
3192,73.8,3.4264106235
3193,73.8,3.4491757876
3194,73.8,3.4719409518
3195,73.8,3.4947061159
3196,73.8,3.5174712801
3197,73.8,3.5402364443
3198,73.8,3.5630016084
3199,73.8,3.5857667726
3200,73.8,3.6085319367
3201,73.8,3.6312971009
3202,73.8,3.654062265
3203,73.8,3.6768274292
3204,73.8,3.6995925933
3205,73.8,3.7223577575
3206,73.8,3.7451229217
3207,73.8,3.7678880858
3208,73.8,3.79065325
3209,73.8,3.8134184141
3210,73.8,3.8361835783
3211,73.8,3.8589487424
3212,73.8,3.8817139066
3213,73.8,3.9044790708
3214,73.8,3.9272442349
3215,73.8,3.9500093991
3216,73.8,3.9727745632
3217,73.8,3.9955397274
3218,73.8,4.0183048915
3219,73.8,4.0410700557
3220,73.8,4.0638352199
3221,73.8,4.086600384
3222,73.8,4.1093655482
3223,73.8,4.1321307123
3224,73.8,4.1548958765
3225,73.8,4.1776610406
3226,73.8,4.2004262048
3227,73.8,4.2231913689
3228,73.8,4.2459565331
3229,73.8,4.2687216973
3230,73.8,4.2914868614
3231,73.8,4.3142520256
3232,73.8,4.3370171897
3233,73.8,4.3597823539
3234,73.8,4.382547518
3235,73.8,4.4053126822
3236,73.8,4.4280778464
3237,73.8,4.4508430105
3238,73.8,4.4736081747
3239,73.8,4.4963733388
3240,73.8,4.519138503
3241,73.8,4.5419036671
3242,73.8,4.5646688313
3243,73.8,4.5874339955
3244,73.8,4.6101991596
3245,73.8,4.6329643238
3246,73.8,4.6557294879
3247,73.8,4.6784946521
3248,73.8,4.7012598162
3249,73.8,4.7240249804
3250,73.8,4.7467901445
3251,73.8,4.7695553087
3252,73.8,4.7923204729
3253,73.8,4.815085637
3254,73.8,4.8378508012
3255,73.8,4.8606159653
3256,73.8,4.8833811295
3257,73.8,4.9061462936
3258,73.8,4.9289114578
3259,73.8,4.951676622
3260,73.8,4.9744417861
3261,73.8,4.9972069503
3262,73.8,5.0199721144
3263,73.8,5.0427372786
3264,73.8,5.0655024427
3265,73.8,5.0882676069
3266,73.8,5.111032771
3267,73.8,5.1337979352
3268,73.8,5.1565630994
3269,73.8,5.1793282635
3270,73.8,5.2020934277
3271,73.8,5.2248585918
3272,73.8,5.247623756
3273,73.8,5.2703889201
3274,73.8,5.2931540843
3275,73.8,5.3159192485
3276,73.8,5.3386844126
3277,73.8,5.3614495768
3278,73.8,5.3842147409
3279,73.8,5.4069799051
3280,73.8,5.4297450692
3281,73.8,5.4525102334
3282,73.8,5.4752753976
3283,73.8,5.4980405617
3284,73.8,5.5208057259
3285,73.8,5.54357089
3286,73.8,5.5663360542
3287,73.8,5.5891012183
3288,73.8,5.6118663825
3289,73.8,5.6346315466
3290,73.8,5.6573967108
3291,73.8,5.680161875
3292,73.8,5.7029270391
3293,73.8,5.7256922033
3294,73.8,5.7484573674
3295,73.8,5.7712225316
3296,73.8,5.7939876957
3297,73.8,5.8167528599
3298,73.8,5.8395180241
3299,73.8,5.8622831882
3300,73.8,5.8850483524
3301,73.8,5.9078135165
3302,73.8,5.9305786807
3303,73.8,5.9533438448
3304,73.8,5.976109009
3305,73.8,5.9988741732
3306,73.8,6.0216393373
3307,73.8,6.0444045015
3308,73.8,6.0671696656
3309,73.8,6.0899348298
3310,73.8,6.1126999939
3311,73.8,6.1354651581
3312,73.8,6.1582303222
3313,73.8,6.1809954864
3314,73.8,6.2037606506
3315,73.8,6.2265258147
3316,73.8,6.2492909789
3317,73.8,6.272056143
3318,75.4,0
3319,75.4,0.022280799
3320,75.4,0.0445615979
3321,75.4,0.0668423969
3322,75.4,0.0891231958
3323,75.4,0.1114039948
3324,75.4,0.1336847938
3325,75.4,0.1559655927
3326,75.4,0.1782463917
3327,75.4,0.2005271907
3328,75.4,0.2228079896
3329,75.4,0.2450887886
3330,75.4,0.2673695875
3331,75.4,0.2896503865
3332,75.4,0.3119311855
3333,75.4,0.3342119844
3334,75.4,0.3564927834
3335,75.4,0.3787735823
3336,75.4,0.4010543813
3337,75.4,0.4233351803
3338,75.4,0.4456159792
3339,75.4,0.4678967782
3340,75.4,0.4901775772
3341,75.4,0.5124583761
3342,75.4,0.5347391751
3343,75.4,0.557019974
3344,75.4,0.579300773
3345,75.4,0.601581572
3346,75.4,0.6238623709
3347,75.4,0.6461431699
3348,75.4,0.6684239688
3349,75.4,0.6907047678
3350,75.4,0.7129855668
3351,75.4,0.7352663657
3352,75.4,0.7575471647
3353,75.4,0.7798279637
3354,75.4,0.8021087626
3355,75.4,0.8243895616
3356,75.4,0.8466703605
3357,75.4,0.8689511595
3358,75.4,0.8912319585
3359,75.4,0.9135127574
3360,75.4,0.9357935564
3361,75.4,0.9580743554
3362,75.4,0.9803551543
3363,75.4,1.0026359533
3364,75.4,1.0249167522
3365,75.4,1.0471975512
3366,75.4,1.0694783502
3367,75.4,1.0917591491
3368,75.4,1.1140399481
3369,75.4,1.136320747
3370,75.4,1.158601546
3371,75.4,1.180882345
3372,75.4,1.2031631439
3373,75.4,1.2254439429
3374,75.4,1.2477247419
3375,75.4,1.2700055408
3376,75.4,1.2922863398
3377,75.4,1.3145671387
3378,75.4,1.3368479377
3379,75.4,1.3591287367
3380,75.4,1.3814095356
3381,75.4,1.4036903346
3382,75.4,1.4259711335
3383,75.4,1.4482519325
3384,75.4,1.4705327315
3385,75.4,1.4928135304
3386,75.4,1.5150943294
3387,75.4,1.5373751284
3388,75.4,1.5596559273
3389,75.4,1.5819367263
3390,75.4,1.6042175252
3391,75.4,1.6264983242
3392,75.4,1.6487791232
3393,75.4,1.6710599221
3394,75.4,1.6933407211
3395,75.4,1.7156215201
3396,75.4,1.737902319
3397,75.4,1.760183118
3398,75.4,1.7824639169
3399,75.4,1.8047447159
3400,75.4,1.8270255149
3401,75.4,1.8493063138
3402,75.4,1.8715871128
3403,75.4,1.8938679117
3404,75.4,1.9161487107
3405,75.4,1.9384295097
3406,75.4,1.9607103086
3407,75.4,1.9829911076
3408,75.4,2.0052719066
3409,75.4,2.0275527055
3410,75.4,2.0498335045
3411,75.4,2.0721143034
3412,75.4,2.0943951024
3413,75.4,2.1166759014
3414,75.4,2.1389567003
3415,75.4,2.1612374993
3416,75.4,2.1835182982
3417,75.4,2.2057990972
3418,75.4,2.2280798962
3419,75.4,2.2503606951
3420,75.4,2.2726414941
3421,75.4,2.2949222931
3422,75.4,2.317203092
3423,75.4,2.339483891
3424,75.4,2.3617646899
3425,75.4,2.3840454889
3426,75.4,2.4063262879
3427,75.4,2.4286070868
3428,75.4,2.4508878858
3429,75.4,2.4731686847
3430,75.4,2.4954494837
3431,75.4,2.5177302827
3432,75.4,2.5400110816
3433,75.4,2.5622918806
3434,75.4,2.5845726796
3435,75.4,2.6068534785
3436,75.4,2.6291342775
3437,75.4,2.6514150764
3438,75.4,2.6736958754
3439,75.4,2.6959766744
3440,75.4,2.7182574733
3441,75.4,2.7405382723
3442,75.4,2.7628190712
3443,75.4,2.7850998702
3444,75.4,2.8073806692
3445,75.4,2.8296614681
3446,75.4,2.8519422671
3447,75.4,2.8742230661
3448,75.4,2.896503865
3449,75.4,2.918784664
3450,75.4,2.9410654629
3451,75.4,2.9633462619
3452,75.4,2.9856270609
3453,75.4,3.0079078598
3454,75.4,3.0301886588
3455,75.4,3.0524694577
3456,75.4,3.0747502567
3457,75.4,3.0970310557
3458,75.4,3.1193118546
3459,75.4,3.1415926536
3460,75.4,3.1638734526
3461,75.4,3.1861542515
3462,75.4,3.2084350505
3463,75.4,3.2307158494
3464,75.4,3.2529966484
3465,75.4,3.2752774474
3466,75.4,3.2975582463
3467,75.4,3.3198390453
3468,75.4,3.3421198442
3469,75.4,3.3644006432
3470,75.4,3.3866814422
3471,75.4,3.4089622411
3472,75.4,3.4312430401
3473,75.4,3.4535238391
3474,75.4,3.475804638
3475,75.4,3.498085437
3476,75.4,3.5203662359
3477,75.4,3.5426470349
3478,75.4,3.5649278339
3479,75.4,3.5872086328
3480,75.4,3.6094894318
3481,75.4,3.6317702308
3482,75.4,3.6540510297
3483,75.4,3.6763318287
3484,75.4,3.6986126276
3485,75.4,3.7208934266
3486,75.4,3.7431742256
3487,75.4,3.7654550245
3488,75.4,3.7877358235
3489,75.4,3.8100166224
3490,75.4,3.8322974214
3491,75.4,3.8545782204
3492,75.4,3.8768590193
3493,75.4,3.8991398183
3494,75.4,3.9214206173
3495,75.4,3.9437014162
3496,75.4,3.9659822152
3497,75.4,3.9882630141
3498,75.4,4.0105438131
3499,75.4,4.0328246121
3500,75.4,4.055105411
3501,75.4,4.07738621
3502,75.4,4.0996670089
3503,75.4,4.1219478079
3504,75.4,4.1442286069
3505,75.4,4.1665094058
3506,75.4,4.1887902048
3507,75.4,4.2110710038
3508,75.4,4.2333518027
3509,75.4,4.2556326017
3510,75.4,4.2779134006
3511,75.4,4.3001941996
3512,75.4,4.3224749986
3513,75.4,4.3447557975
3514,75.4,4.3670365965
3515,75.4,4.3893173954
3516,75.4,4.4115981944
3517,75.4,4.4338789934
3518,75.4,4.4561597923
3519,75.4,4.4784405913
3520,75.4,4.5007213903
3521,75.4,4.5230021892
3522,75.4,4.5452829882
3523,75.4,4.5675637871
3524,75.4,4.5898445861
3525,75.4,4.6121253851
3526,75.4,4.634406184
3527,75.4,4.656686983
3528,75.4,4.6789677819
3529,75.4,4.7012485809
3530,75.4,4.7235293799
3531,75.4,4.7458101788
3532,75.4,4.7680909778
3533,75.4,4.7903717768
3534,75.4,4.8126525757
3535,75.4,4.8349333747
3536,75.4,4.8572141736
3537,75.4,4.8794949726
3538,75.4,4.9017757716
3539,75.4,4.9240565705
3540,75.4,4.9463373695
3541,75.4,4.9686181684
3542,75.4,4.9908989674
3543,75.4,5.0131797664
3544,75.4,5.0354605653
3545,75.4,5.0577413643
3546,75.4,5.0800221633
3547,75.4,5.1023029622
3548,75.4,5.1245837612
3549,75.4,5.1468645601
3550,75.4,5.1691453591
3551,75.4,5.1914261581
3552,75.4,5.213706957
3553,75.4,5.235987756
3554,75.4,5.2582685549
3555,75.4,5.2805493539
3556,75.4,5.3028301529
3557,75.4,5.3251109518
3558,75.4,5.3473917508
3559,75.4,5.3696725498
3560,75.4,5.3919533487
3561,75.4,5.4142341477
3562,75.4,5.4365149466
3563,75.4,5.4587957456
3564,75.4,5.4810765446
3565,75.4,5.5033573435
3566,75.4,5.5256381425
3567,75.4,5.5479189415
3568,75.4,5.5701997404
3569,75.4,5.5924805394
3570,75.4,5.6147613383
3571,75.4,5.6370421373
3572,75.4,5.6593229363
3573,75.4,5.6816037352
3574,75.4,5.7038845342
3575,75.4,5.7261653331
3576,75.4,5.7484461321
3577,75.4,5.7707269311
3578,75.4,5.79300773
3579,75.4,5.815288529
3580,75.4,5.837569328
3581,75.4,5.8598501269
3582,75.4,5.8821309259
3583,75.4,5.9044117248
3584,75.4,5.9266925238
3585,75.4,5.9489733228
3586,75.4,5.9712541217
3587,75.4,5.9935349207
3588,75.4,6.0158157196
3589,75.4,6.0380965186
3590,75.4,6.0603773176
3591,75.4,6.0826581165
3592,75.4,6.1049389155
3593,75.4,6.1272197145
3594,75.4,6.1495005134
3595,75.4,6.1717813124
3596,75.4,6.1940621113
3597,75.4,6.2163429103
3598,75.4,6.2386237093
3599,75.4,6.2609045082
3600,77,0
3601,77,0.0218166156
3602,77,0.0436332313
3603,77,0.0654498469
3604,77,0.0872664626
3605,77,0.1090830783
3606,77,0.1308996939
3607,77,0.1527163096
3608,77,0.1745329252
3609,77,0.1963495408
3610,77,0.2181661565
3611,77,0.2399827721
3612,77,0.2617993878
3613,77,0.2836160034
3614,77,0.3054326191
3615,77,0.3272492347
3616,77,0.3490658504
3617,77,0.370882466
3618,77,0.3926990817
3619,77,0.4145156973
3620,77,0.436332313
3621,77,0.4581489286
3622,77,0.4799655443
3623,77,0.5017821599
3624,77,0.5235987756
3625,77,0.5454153912
3626,77,0.5672320069
3627,77,0.5890486225
3628,77,0.6108652382
3629,77,0.6326818538
3630,77,0.6544984695
3631,77,0.6763150851
3632,77,0.6981317008
3633,77,0.7199483164
3634,77,0.7417649321
3635,77,0.7635815477
3636,77,0.7853981634
3637,77,0.807214779
3638,77,0.8290313947
3639,77,0.8508480103
3640,77,0.872664626
3641,77,0.8944812416
3642,77,0.9162978573
3643,77,0.9381144729
3644,77,0.9599310886
3645,77,0.9817477042
3646,77,1.0035643199
3647,77,1.0253809356
3648,77,1.0471975512
3649,77,1.0690141669
3650,77,1.0908307825
3651,77,1.1126473982
3652,77,1.1344640138
3653,77,1.1562806295
3654,77,1.1780972451
3655,77,1.1999138608
3656,77,1.2217304764
3657,77,1.2435470921
3658,77,1.2653637077
3659,77,1.2871803234
3660,77,1.308996939
3661,77,1.3308135547
3662,77,1.3526301703
3663,77,1.374446786
3664,77,1.3962634016
3665,77,1.4180800173
3666,77,1.4398966329
3667,77,1.4617132486
3668,77,1.4835298642
3669,77,1.5053464799
3670,77,1.5271630955
3671,77,1.5489797111
3672,77,1.5707963268
3673,77,1.5926129424
3674,77,1.6144295581
3675,77,1.6362461737
3676,77,1.6580627894
3677,77,1.679879405
3678,77,1.7016960207
3679,77,1.7235126363
3680,77,1.745329252
3681,77,1.7671458676
3682,77,1.7889624833
3683,77,1.8107790989
3684,77,1.8325957146
3685,77,1.8544123302
3686,77,1.8762289459
3687,77,1.8980455615
3688,77,1.9198621772
3689,77,1.9416787928
3690,77,1.9634954085
3691,77,1.9853120241
3692,77,2.0071286398
3693,77,2.0289452554
3694,77,2.0507618711
3695,77,2.0725784867
3696,77,2.0943951024
3697,77,2.116211718
3698,77,2.1380283337
3699,77,2.1598449493
3700,77,2.181661565
3701,77,2.2034781806
3702,77,2.2252947963
3703,77,2.2471114119
3704,77,2.2689280276
3705,77,2.2907446432
3706,77,2.3125612589
3707,77,2.3343778745
3708,77,2.3561944902
3709,77,2.3780111058
3710,77,2.3998277215
3711,77,2.4216443371
3712,77,2.4434609528
3713,77,2.4652775684
3714,77,2.4870941841
3715,77,2.5089107997
3716,77,2.5307274154
3717,77,2.552544031
3718,77,2.5743606467
3719,77,2.5961772623
3720,77,2.617993878
3721,77,2.6398104936
3722,77,2.6616271093
3723,77,2.6834437249
3724,77,2.7052603406
3725,77,2.7270769562
3726,77,2.7488935719
3727,77,2.7707101875
3728,77,2.7925268032
3729,77,2.8143434188
3730,77,2.8361600345
3731,77,2.8579766501
3732,77,2.8797932658
3733,77,2.9016098814
3734,77,2.9234264971
3735,77,2.9452431127
3736,77,2.9670597284
3737,77,2.988876344
3738,77,3.0106929597
3739,77,3.0325095753
3740,77,3.054326191
3741,77,3.0761428066
3742,77,3.0979594223
3743,77,3.1197760379
3744,77,3.1415926536
3745,77,3.1634092692
3746,77,3.1852258849
3747,77,3.2070425005
3748,77,3.2288591162
3749,77,3.2506757318
3750,77,3.2724923475
3751,77,3.2943089631
3752,77,3.3161255788
3753,77,3.3379421944
3754,77,3.3597588101
3755,77,3.3815754257
3756,77,3.4033920414
3757,77,3.425208657
3758,77,3.4470252727
3759,77,3.4688418883
3760,77,3.490658504
3761,77,3.5124751196
3762,77,3.5342917353
3763,77,3.5561083509
3764,77,3.5779249666
3765,77,3.5997415822
3766,77,3.6215581979
3767,77,3.6433748135
3768,77,3.6651914292
3769,77,3.6870080448
3770,77,3.7088246605
3771,77,3.7306412761
3772,77,3.7524578918
3773,77,3.7742745074
3774,77,3.7960911231
3775,77,3.8179077387
3776,77,3.8397243544
3777,77,3.86154097
3778,77,3.8833575857
3779,77,3.9051742013
3780,77,3.926990817
3781,77,3.9488074326
3782,77,3.9706240483
3783,77,3.9924406639
3784,77,4.0142572796
3785,77,4.0360738952
3786,77,4.0578905109
3787,77,4.0797071265
3788,77,4.1015237422
3789,77,4.1233403578
3790,77,4.1451569735
3791,77,4.1669735891
3792,77,4.1887902048
3793,77,4.2106068204
3794,77,4.2324234361
3795,77,4.2542400517
3796,77,4.2760566674
3797,77,4.297873283
3798,77,4.3196898987
3799,77,4.3415065143
3800,77,4.36332313
3801,77,4.3851397456
3802,77,4.4069563613
3803,77,4.4287729769
3804,77,4.4505895926
3805,77,4.4724062082
3806,77,4.4942228239
3807,77,4.5160394395
3808,77,4.5378560552
3809,77,4.5596726708
3810,77,4.5814892865
3811,77,4.6033059021
3812,77,4.6251225178
3813,77,4.6469391334
3814,77,4.6687557491
3815,77,4.6905723647
3816,77,4.7123889804
3817,77,4.734205596
3818,77,4.7560222117
3819,77,4.7778388273
3820,77,4.799655443
3821,77,4.8214720586
3822,77,4.8432886743
3823,77,4.8651052899
3824,77,4.8869219056
3825,77,4.9087385212
3826,77,4.9305551369
3827,77,4.9523717525
3828,77,4.9741883682
3829,77,4.9960049838
3830,77,5.0178215995
3831,77,5.0396382151
3832,77,5.0614548308
3833,77,5.0832714464
3834,77,5.1050880621
3835,77,5.1269046777
3836,77,5.1487212934
3837,77,5.170537909
3838,77,5.1923545247
3839,77,5.2141711403
3840,77,5.235987756
3841,77,5.2578043716
3842,77,5.2796209873
3843,77,5.3014376029
3844,77,5.3232542186
3845,77,5.3450708342
3846,77,5.3668874499
3847,77,5.3887040655
3848,77,5.4105206812
3849,77,5.4323372968
3850,77,5.4541539125
3851,77,5.4759705281
3852,77,5.4977871438
3853,77,5.5196037594
3854,77,5.5414203751
3855,77,5.5632369907
3856,77,5.5850536064
3857,77,5.606870222
3858,77,5.6286868377
3859,77,5.6505034533
3860,77,5.672320069
3861,77,5.6941366846
3862,77,5.7159533003
3863,77,5.7377699159
3864,77,5.7595865316
3865,77,5.7814031472
3866,77,5.8032197629
3867,77,5.8250363785
3868,77,5.8468529942
3869,77,5.8686696098
3870,77,5.8904862255
3871,77,5.9123028411
3872,77,5.9341194568
3873,77,5.9559360724
3874,77,5.9777526881
3875,77,5.9995693037
3876,77,6.0213859194
3877,77,6.043202535
3878,77,6.0650191507
3879,77,6.0868357663
3880,77,6.108652382
3881,77,6.1304689976
3882,77,6.1522856133
3883,77,6.1741022289
3884,77,6.1959188446
3885,77,6.2177354602
3886,77,6.2395520759
3887,77,6.2613686915
3888,78.6,0
3889,78.6,0.0213713786
3890,78.6,0.0427427572
3891,78.6,0.0641141358
3892,78.6,0.0854855144
3893,78.6,0.106856893
3894,78.6,0.1282282716
3895,78.6,0.1495996502
3896,78.6,0.1709710288
3897,78.6,0.1923424074
3898,78.6,0.213713786
3899,78.6,0.2350851646
3900,78.6,0.2564565432
3901,78.6,0.2778279217
3902,78.6,0.2991993003
3903,78.6,0.3205706789
3904,78.6,0.3419420575
3905,78.6,0.3633134361
3906,78.6,0.3846848147
3907,78.6,0.4060561933
3908,78.6,0.4274275719
3909,78.6,0.4487989505
3910,78.6,0.4701703291
3911,78.6,0.4915417077
3912,78.6,0.5129130863
3913,78.6,0.5342844649
3914,78.6,0.5556558435
3915,78.6,0.5770272221
3916,78.6,0.5983986007
3917,78.6,0.6197699793
3918,78.6,0.6411413579
3919,78.6,0.6625127365
3920,78.6,0.6838841151
3921,78.6,0.7052554937
3922,78.6,0.7266268723
3923,78.6,0.7479982509
3924,78.6,0.7693696295
3925,78.6,0.790741008
3926,78.6,0.8121123866
3927,78.6,0.8334837652
3928,78.6,0.8548551438
3929,78.6,0.8762265224
3930,78.6,0.897597901
3931,78.6,0.9189692796
3932,78.6,0.9403406582
3933,78.6,0.9617120368
3934,78.6,0.9830834154
3935,78.6,1.004454794
3936,78.6,1.0258261726
3937,78.6,1.0471975512
3938,78.6,1.0685689298
3939,78.6,1.0899403084
3940,78.6,1.111311687
3941,78.6,1.1326830656
3942,78.6,1.1540544442
3943,78.6,1.1754258228
3944,78.6,1.1967972014
3945,78.6,1.21816858
3946,78.6,1.2395399586
3947,78.6,1.2609113372
3948,78.6,1.2822827158
3949,78.6,1.3036540944
3950,78.6,1.3250254729
3951,78.6,1.3463968515
3952,78.6,1.3677682301
3953,78.6,1.3891396087
3954,78.6,1.4105109873
3955,78.6,1.4318823659
3956,78.6,1.4532537445
3957,78.6,1.4746251231
3958,78.6,1.4959965017
3959,78.6,1.5173678803
3960,78.6,1.5387392589
3961,78.6,1.5601106375
3962,78.6,1.5814820161
3963,78.6,1.6028533947
3964,78.6,1.6242247733
3965,78.6,1.6455961519
3966,78.6,1.6669675305
3967,78.6,1.6883389091
3968,78.6,1.7097102877
3969,78.6,1.7310816663
3970,78.6,1.7524530449
3971,78.6,1.7738244235
3972,78.6,1.7951958021
3973,78.6,1.8165671807
3974,78.6,1.8379385592
3975,78.6,1.8593099378
3976,78.6,1.8806813164
3977,78.6,1.902052695
3978,78.6,1.9234240736
3979,78.6,1.9447954522
3980,78.6,1.9661668308
3981,78.6,1.9875382094
3982,78.6,2.008909588
3983,78.6,2.0302809666
3984,78.6,2.0516523452
3985,78.6,2.0730237238
3986,78.6,2.0943951024
3987,78.6,2.115766481
3988,78.6,2.1371378596
3989,78.6,2.1585092382
3990,78.6,2.1798806168
3991,78.6,2.2012519954
3992,78.6,2.222623374
3993,78.6,2.2439947526
3994,78.6,2.2653661312
3995,78.6,2.2867375098
3996,78.6,2.3081088884
3997,78.6,2.329480267
3998,78.6,2.3508516455
3999,78.6,2.3722230241
4000,78.6,2.3935944027
4001,78.6,2.4149657813
4002,78.6,2.4363371599
4003,78.6,2.4577085385
4004,78.6,2.4790799171
4005,78.6,2.5004512957
4006,78.6,2.5218226743
4007,78.6,2.5431940529
4008,78.6,2.5645654315
4009,78.6,2.5859368101
4010,78.6,2.6073081887
4011,78.6,2.6286795673
4012,78.6,2.6500509459
4013,78.6,2.6714223245
4014,78.6,2.6927937031
4015,78.6,2.7141650817
4016,78.6,2.7355364603
4017,78.6,2.7569078389
4018,78.6,2.7782792175
4019,78.6,2.7996505961
4020,78.6,2.8210219747
4021,78.6,2.8423933533
4022,78.6,2.8637647318
4023,78.6,2.8851361104
4024,78.6,2.906507489
4025,78.6,2.9278788676
4026,78.6,2.9492502462
4027,78.6,2.9706216248
4028,78.6,2.9919930034
4029,78.6,3.013364382
4030,78.6,3.0347357606
4031,78.6,3.0561071392
4032,78.6,3.0774785178
4033,78.6,3.0988498964
4034,78.6,3.120221275
4035,78.6,3.1415926536
4036,78.6,3.1629640322
4037,78.6,3.1843354108
4038,78.6,3.2057067894
4039,78.6,3.227078168
4040,78.6,3.2484495466
4041,78.6,3.2698209252
4042,78.6,3.2911923038
4043,78.6,3.3125636824
4044,78.6,3.333935061
4045,78.6,3.3553064396
4046,78.6,3.3766778181
4047,78.6,3.3980491967
4048,78.6,3.4194205753
4049,78.6,3.4407919539
4050,78.6,3.4621633325
4051,78.6,3.4835347111
4052,78.6,3.5049060897
4053,78.6,3.5262774683
4054,78.6,3.5476488469
4055,78.6,3.5690202255
4056,78.6,3.5903916041
4057,78.6,3.6117629827
4058,78.6,3.6331343613
4059,78.6,3.6545057399
4060,78.6,3.6758771185
4061,78.6,3.6972484971
4062,78.6,3.7186198757
4063,78.6,3.7399912543
4064,78.6,3.7613626329
4065,78.6,3.7827340115
4066,78.6,3.8041053901
4067,78.6,3.8254767687
4068,78.6,3.8468481473
4069,78.6,3.8682195259
4070,78.6,3.8895909044
4071,78.6,3.910962283
4072,78.6,3.9323336616
4073,78.6,3.9537050402
4074,78.6,3.9750764188
4075,78.6,3.9964477974
4076,78.6,4.017819176
4077,78.6,4.0391905546
4078,78.6,4.0605619332
4079,78.6,4.0819333118
4080,78.6,4.1033046904
4081,78.6,4.124676069
4082,78.6,4.1460474476
4083,78.6,4.1674188262
4084,78.6,4.1887902048
4085,78.6,4.2101615834
4086,78.6,4.231532962
4087,78.6,4.2529043406
4088,78.6,4.2742757192
4089,78.6,4.2956470978
4090,78.6,4.3170184764
4091,78.6,4.338389855
4092,78.6,4.3597612336
4093,78.6,4.3811326122
4094,78.6,4.4025039907
4095,78.6,4.4238753693
4096,78.6,4.4452467479
4097,78.6,4.4666181265
4098,78.6,4.4879895051
4099,78.6,4.5093608837
4100,78.6,4.5307322623
4101,78.6,4.5521036409
4102,78.6,4.5734750195
4103,78.6,4.5948463981
4104,78.6,4.6162177767
4105,78.6,4.6375891553
4106,78.6,4.6589605339
4107,78.6,4.6803319125
4108,78.6,4.7017032911
4109,78.6,4.7230746697
4110,78.6,4.7444460483
4111,78.6,4.7658174269
4112,78.6,4.7871888055
4113,78.6,4.8085601841
4114,78.6,4.8299315627
4115,78.6,4.8513029413
4116,78.6,4.8726743199
4117,78.6,4.8940456985
4118,78.6,4.9154170771
4119,78.6,4.9367884556
4120,78.6,4.9581598342
4121,78.6,4.9795312128
4122,78.6,5.0009025914
4123,78.6,5.02227397
4124,78.6,5.0436453486
4125,78.6,5.0650167272
4126,78.6,5.0863881058
4127,78.6,5.1077594844
4128,78.6,5.129130863
4129,78.6,5.1505022416
4130,78.6,5.1718736202
4131,78.6,5.1932449988
4132,78.6,5.2146163774
4133,78.6,5.235987756
4134,78.6,5.2573591346
4135,78.6,5.2787305132
4136,78.6,5.3001018918
4137,78.6,5.3214732704
4138,78.6,5.342844649
4139,78.6,5.3642160276
4140,78.6,5.3855874062
4141,78.6,5.4069587848
4142,78.6,5.4283301634
4143,78.6,5.4497015419
4144,78.6,5.4710729205
4145,78.6,5.4924442991
4146,78.6,5.5138156777
4147,78.6,5.5351870563
4148,78.6,5.5565584349
4149,78.6,5.5779298135
4150,78.6,5.5993011921
4151,78.6,5.6206725707
4152,78.6,5.6420439493
4153,78.6,5.6634153279
4154,78.6,5.6847867065
4155,78.6,5.7061580851
4156,78.6,5.7275294637
4157,78.6,5.7489008423
4158,78.6,5.7702722209
4159,78.6,5.7916435995
4160,78.6,5.8130149781
4161,78.6,5.8343863567
4162,78.6,5.8557577353
4163,78.6,5.8771291139
4164,78.6,5.8985004925
4165,78.6,5.9198718711
4166,78.6,5.9412432497
4167,78.6,5.9626146282
4168,78.6,5.9839860068
4169,78.6,6.0053573854
4170,78.6,6.026728764
4171,78.6,6.0481001426
4172,78.6,6.0694715212
4173,78.6,6.0908428998
4174,78.6,6.1122142784
4175,78.6,6.133585657
4176,78.6,6.1549570356
4177,78.6,6.1763284142
4178,78.6,6.1976997928
4179,78.6,6.2190711714
4180,78.6,6.24044255
4181,78.6,6.2618139286
4182,80.2,0.010686
4183,80.2,0.031629951
4184,80.2,0.052573902
4185,80.2,0.0735178531
4186,80.2,0.0944618041
4187,80.2,0.1154057551
4188,80.2,0.1363497061
4189,80.2,0.1572936572
4190,80.2,0.1782376082
4191,80.2,0.1991815592
4192,80.2,0.2201255102
4193,80.2,0.2410694613
4194,80.2,0.2620134123
4195,80.2,0.2829573633
4196,80.2,0.3039013143
4197,80.2,0.3248452654
4198,80.2,0.3457892164
4199,80.2,0.3667331674
4200,80.2,0.3876771184
4201,80.2,0.4086210695
4202,80.2,0.4295650205
4203,80.2,0.4505089715
4204,80.2,0.4714529225
4205,80.2,0.4923968736
4206,80.2,0.5133408246
4207,80.2,0.5342847756
4208,80.2,0.5552287266
4209,80.2,0.5761726776
4210,80.2,0.5971166287
4211,80.2,0.6180605797
4212,80.2,0.6390045307
4213,80.2,0.6599484817
4214,80.2,0.6808924328
4215,80.2,0.7018363838
4216,80.2,0.7227803348
4217,80.2,0.7437242858
4218,80.2,0.7646682369
4219,80.2,0.7856121879
4220,80.2,0.8065561389
4221,80.2,0.8275000899
4222,80.2,0.848444041
4223,80.2,0.869387992
4224,80.2,0.890331943
4225,80.2,0.911275894
4226,80.2,0.9322198451
4227,80.2,0.9531637961
4228,80.2,0.9741077471
4229,80.2,0.9950516981
4230,80.2,1.0159956492
4231,80.2,1.0369396002
4232,80.2,1.0578835512
4233,80.2,1.0788275022
4234,80.2,1.0997714532
4235,80.2,1.1207154043
4236,80.2,1.1416593553
4237,80.2,1.1626033063
4238,80.2,1.1835472573
4239,80.2,1.2044912084
4240,80.2,1.2254351594
4241,80.2,1.2463791104
4242,80.2,1.2673230614
4243,80.2,1.2882670125
4244,80.2,1.3092109635
4245,80.2,1.3301549145
4246,80.2,1.3510988655
4247,80.2,1.3720428166
4248,80.2,1.3929867676
4249,80.2,1.4139307186
4250,80.2,1.4348746696
4251,80.2,1.4558186207
4252,80.2,1.4767625717
4253,80.2,1.4977065227
4254,80.2,1.5186504737
4255,80.2,1.5395944248
4256,80.2,1.5605383758
4257,80.2,1.5814823268
4258,80.2,1.6024262778
4259,80.2,1.6233702288
4260,80.2,1.6443141799
4261,80.2,1.6652581309
4262,80.2,1.6862020819
4263,80.2,1.7071460329
4264,80.2,1.728089984
4265,80.2,1.749033935
4266,80.2,1.769977886
4267,80.2,1.790921837
4268,80.2,1.8118657881
4269,80.2,1.8328097391
4270,80.2,1.8537536901
4271,80.2,1.8746976411
4272,80.2,1.8956415922
4273,80.2,1.9165855432
4274,80.2,1.9375294942
4275,80.2,1.9584734452
4276,80.2,1.9794173963
4277,80.2,2.0003613473
4278,80.2,2.0213052983
4279,80.2,2.0422492493
4280,80.2,2.0631932004
4281,80.2,2.0841371514
4282,80.2,2.1050811024
4283,80.2,2.1260250534
4284,80.2,2.1469690044
4285,80.2,2.1679129555
4286,80.2,2.1888569065
4287,80.2,2.2098008575
4288,80.2,2.2307448085
4289,80.2,2.2516887596
4290,80.2,2.2726327106
4291,80.2,2.2935766616
4292,80.2,2.3145206126
4293,80.2,2.3354645637
4294,80.2,2.3564085147
4295,80.2,2.3773524657
4296,80.2,2.3982964167
4297,80.2,2.4192403678
4298,80.2,2.4401843188
4299,80.2,2.4611282698
4300,80.2,2.4820722208
4301,80.2,2.5030161719
4302,80.2,2.5239601229
4303,80.2,2.5449040739
4304,80.2,2.5658480249
4305,80.2,2.5867919759
4306,80.2,2.607735927
4307,80.2,2.628679878
4308,80.2,2.649623829
4309,80.2,2.67056778
4310,80.2,2.6915117311
4311,80.2,2.7124556821
4312,80.2,2.7333996331
4313,80.2,2.7543435841
4314,80.2,2.7752875352
4315,80.2,2.7962314862
4316,80.2,2.8171754372
4317,80.2,2.8381193882
4318,80.2,2.8590633393
4319,80.2,2.8800072903
4320,80.2,2.9009512413
4321,80.2,2.9218951923
4322,80.2,2.9428391434
4323,80.2,2.9637830944
4324,80.2,2.9847270454
4325,80.2,3.0056709964
4326,80.2,3.0266149475
4327,80.2,3.0475588985
4328,80.2,3.0685028495
4329,80.2,3.0894468005
4330,80.2,3.1103907515
4331,80.2,3.1313347026
4332,80.2,3.1522786536
4333,80.2,3.1732226046
4334,80.2,3.1941665556
4335,80.2,3.2151105067
4336,80.2,3.2360544577
4337,80.2,3.2569984087
4338,80.2,3.2779423597
4339,80.2,3.2988863108
4340,80.2,3.3198302618
4341,80.2,3.3407742128
4342,80.2,3.3617181638
4343,80.2,3.3826621149
4344,80.2,3.4036060659
4345,80.2,3.4245500169
4346,80.2,3.4454939679
4347,80.2,3.466437919
4348,80.2,3.48738187
4349,80.2,3.508325821
4350,80.2,3.529269772
4351,80.2,3.550213723
4352,80.2,3.5711576741
4353,80.2,3.5921016251
4354,80.2,3.6130455761
4355,80.2,3.6339895271
4356,80.2,3.6549334782
4357,80.2,3.6758774292
4358,80.2,3.6968213802
4359,80.2,3.7177653312
4360,80.2,3.7387092823
4361,80.2,3.7596532333
4362,80.2,3.7805971843
4363,80.2,3.8015411353
4364,80.2,3.8224850864
4365,80.2,3.8434290374
4366,80.2,3.8643729884
4367,80.2,3.8853169394
4368,80.2,3.9062608905
4369,80.2,3.9272048415
4370,80.2,3.9481487925
4371,80.2,3.9690927435
4372,80.2,3.9900366946
4373,80.2,4.0109806456
4374,80.2,4.0319245966
4375,80.2,4.0528685476
4376,80.2,4.0738124986
4377,80.2,4.0947564497
4378,80.2,4.1157004007
4379,80.2,4.1366443517
4380,80.2,4.1575883027
4381,80.2,4.1785322538
4382,80.2,4.1994762048
4383,80.2,4.2204201558
4384,80.2,4.2413641068
4385,80.2,4.2623080579
4386,80.2,4.2832520089
4387,80.2,4.3041959599
4388,80.2,4.3251399109
4389,80.2,4.346083862
4390,80.2,4.367027813
4391,80.2,4.387971764
4392,80.2,4.408915715
4393,80.2,4.4298596661
4394,80.2,4.4508036171
4395,80.2,4.4717475681
4396,80.2,4.4926915191
4397,80.2,4.5136354702
4398,80.2,4.5345794212
4399,80.2,4.5555233722
4400,80.2,4.5764673232
4401,80.2,4.5974112742
4402,80.2,4.6183552253
4403,80.2,4.6392991763
4404,80.2,4.6602431273
4405,80.2,4.6811870783
4406,80.2,4.7021310294
4407,80.2,4.7230749804
4408,80.2,4.7440189314
4409,80.2,4.7649628824
4410,80.2,4.7859068335
4411,80.2,4.8068507845
4412,80.2,4.8277947355
4413,80.2,4.8487386865
4414,80.2,4.8696826376
4415,80.2,4.8906265886
4416,80.2,4.9115705396
4417,80.2,4.9325144906
4418,80.2,4.9534584417
4419,80.2,4.9744023927
4420,80.2,4.9953463437
4421,80.2,5.0162902947
4422,80.2,5.0372342457
4423,80.2,5.0581781968
4424,80.2,5.0791221478
4425,80.2,5.1000660988
4426,80.2,5.1210100498
4427,80.2,5.1419540009
4428,80.2,5.1628979519
4429,80.2,5.1838419029
4430,80.2,5.2047858539
4431,80.2,5.225729805
4432,80.2,5.246673756
4433,80.2,5.267617707
4434,80.2,5.288561658
4435,80.2,5.3095056091
4436,80.2,5.3304495601
4437,80.2,5.3513935111
4438,80.2,5.3723374621
4439,80.2,5.3932814132
4440,80.2,5.4142253642
4441,80.2,5.4351693152
4442,80.2,5.4561132662
4443,80.2,5.4770572173
4444,80.2,5.4980011683
4445,80.2,5.5189451193
4446,80.2,5.5398890703
4447,80.2,5.5608330213
4448,80.2,5.5817769724
4449,80.2,5.6027209234
4450,80.2,5.6236648744
4451,80.2,5.6446088254
4452,80.2,5.6655527765
4453,80.2,5.6864967275
4454,80.2,5.7074406785
4455,80.2,5.7283846295
4456,80.2,5.7493285806
4457,80.2,5.7702725316
4458,80.2,5.7912164826
4459,80.2,5.8121604336
4460,80.2,5.8331043847
4461,80.2,5.8540483357
4462,80.2,5.8749922867
4463,80.2,5.8959362377
4464,80.2,5.9168801888
4465,80.2,5.9378241398
4466,80.2,5.9587680908
4467,80.2,5.9797120418
4468,80.2,6.0006559928
4469,80.2,6.0215999439
4470,80.2,6.0425438949
4471,80.2,6.0634878459
4472,80.2,6.0844317969
4473,80.2,6.105375748
4474,80.2,6.126319699
4475,80.2,6.14726365
4476,80.2,6.168207601
4477,80.2,6.1891515521
4478,80.2,6.2100955031
4479,80.2,6.2310394541
4480,80.2,6.2519834051
4481,80.2,6.2729273562
